base,variant,assumption,scale,policies,best_base,best_variant,same_best,kendall_tau,significant_in_base,sign_kept
s2-80-lognormal,sens-s2-est-x0.5,estimate error (lognormal sigma),0.5,6,shortest_estimate+topology_aware+easy,shortest_estimate+topology_aware+easy,true,0.7333333333,5,5
s2-80-lognormal,sens-s2-topo-x0.5,topology penalty (f - 1),0.5,6,shortest_estimate+topology_aware+easy,shortest_estimate+topology_aware+conservative,false,0.6,5,5
s2-80-lognormal,sens-s2-est-x2,estimate error (lognormal sigma),2,6,shortest_estimate+topology_aware+easy,shortest_estimate+topology_aware+conservative,false,0.6,5,5
s2-80-lognormal,sens-s2-topo-x2,topology penalty (f - 1),2,6,shortest_estimate+topology_aware+easy,shortest_estimate+topology_aware+easy_predicted,false,0.7333333333,5,5
s2-80-lognormal,sens-s2-load-m10,offered load (points),-10,6,shortest_estimate+topology_aware+easy,shortest_estimate+topology_aware+easy_predicted,false,0.7333333333,5,5
s2-80-lognormal,sens-s2-load-p10,offered load (points),10,6,shortest_estimate+topology_aware+easy,shortest_estimate+topology_aware+easy_predicted,false,0.6,5,5
s6-ckpt-short,sens-s6-est-x0.5,estimate error (lognormal sigma),0.5,4,priority+topology_aware+easy_predicted+preempt,priority+topology_aware+easy_predicted+preempt,true,0.6666666667,3,3
s6-ckpt-short,sens-s6-ovh-x0.5,restart overhead and checkpoint interval,0.5,4,priority+topology_aware+easy_predicted+preempt,priority+topology_aware+easy_predicted+preempt,true,1,3,3
s6-ckpt-short,sens-s6-topo-x0.5,topology penalty (f - 1),0.5,4,priority+topology_aware+easy_predicted+preempt,priority+topology_aware+easy_predicted+preempt,true,1,3,3
s6-ckpt-short,sens-s6-est-x2,estimate error (lognormal sigma),2,4,priority+topology_aware+easy_predicted+preempt,priority+topology_aware+easy_predicted+preempt,true,1,3,3
s6-ckpt-short,sens-s6-ovh-x2,restart overhead and checkpoint interval,2,4,priority+topology_aware+easy_predicted+preempt,priority+topology_aware+easy_predicted+preempt,true,1,3,3
s6-ckpt-short,sens-s6-topo-x2,topology penalty (f - 1),2,4,priority+topology_aware+easy_predicted+preempt,priority+topology_aware+easy_predicted+preempt,true,0.6666666667,3,3
s10-lognormal,s10-shift-lognormal,estimate error shift (lognormal sigma 0.5 -> 1.0),2,6,shortest_estimate+topology_aware+easy_predicted,shortest_estimate+topology_aware+easy,false,0.4666666667,5,5
s10-user,s10-shift-user,"estimate error shift (user-style: underestimates 10% -> 20%, accuracy floor 0.05 -> 0.025)",2,6,shortest_estimate+topology_aware+risk,shortest_estimate+topology_aware+risk,true,0.7333333333,5,5
s11-online,s11-shift,estimate error shift (lognormal sigma 0.5 -> 1.0),2,6,py:scenario_milp,shortest_estimate+topology_aware+easy,false,0.6,5,5
