job_id,submit_s,tenant,user,priority,gpus,workers,gpu_class,topology,cpus,mem_gb,runtime_s,estimate_s,preemptible,checkpoint_interval_s,max_wait_s
j000000,36.596,t0,t0-u5,1,1,1,,any,16,96,346.007,346.007,1,1800,
j000001,68.509,t1,t1-u1,1,1,1,,any,16,96,300.324,300.324,1,1800,
j000002,100.393,t0,t0-u3,1,1,1,,any,12,96,344.584,344.584,1,1800,
j000003,111.781,t2,t2-u0,1,8,2,,rack,96,768,164.432,164.432,1,1800,
j000004,138.29,t1,t1-u5,1,1,1,,any,12,96,748.351,748.351,1,1800,
j000005,595.924,t1,t1-u7,1,1,1,,any,12,96,251.027,251.027,1,1800,
j000006,722.968,t2,t2-u0,1,1,1,,any,12,96,480.12,480.12,1,1800,
j000007,905.7,t3,t3-u1,1,2,1,,any,24,192,418.317,418.317,1,1800,
j000008,1049.247,t2,t2-u6,1,8,1,,any,128,768,1309.657,1309.657,1,1800,
j000009,1090.63,t0,t0-u3,8,1,1,,any,12,96,400.156,400.156,0,1800,900
j000010,1105.998,t3,t3-u2,4,2,1,,any,24,192,1971.413,1971.413,1,1800,7200
j000011,1188.794,t0,t0-u7,4,8,1,,any,96,768,291.952,291.952,0,1800,7200
j000012,1426.155,t1,t1-u2,1,4,1,,any,48,384,900.471,900.471,1,1800,
j000013,2128.889,t0,t0-u4,1,8,4,,rack,96,768,2693.509,2693.509,1,1800,
j000014,2228.091,t1,t1-u7,1,1,1,,any,12,96,393.134,393.134,1,1800,
j000015,2779.857,t0,t0-u5,1,2,1,,any,24,192,114.392,114.392,1,1800,
j000016,2833.058,t2,t2-u2,4,8,1,,any,96,768,289.947,289.947,1,1800,7200
j000017,3024.969,t1,t1-u6,4,1,1,,any,12,96,890.131,890.131,1,1800,7200
j000018,3116.017,t2,t2-u0,4,1,1,,any,12,96,548.628,548.628,1,1800,7200
j000019,3356.359,t1,t1-u2,1,8,4,,any,96,768,7044.884,7044.884,1,1800,
j000020,3833.411,t0,t0-u0,4,1,1,,any,12,96,2140.959,2140.959,1,1800,7200
j000021,4126.548,t0,t0-u0,4,1,1,,any,12,96,2486.696,2486.696,1,1800,7200
j000022,4176.652,t0,t0-u0,1,4,1,,any,48,512,1599.238,1599.238,1,1800,
j000023,4185.461,t0,t0-u4,1,4,1,,any,64,384,3922.371,3922.371,1,1800,
j000024,4243.144,t0,t0-u2,4,8,1,,any,96,768,4802.152,4802.152,1,1800,7200
j000025,4317.705,t2,t2-u3,4,1,1,,any,12,96,3304.281,3304.281,0,1800,7200
j000026,4386.444,t1,t1-u6,4,1,1,,any,12,96,647.281,647.281,0,1800,7200
j000027,4409.13,t2,t2-u5,1,8,4,,rack,96,768,1013.561,1013.561,1,1800,
j000028,4413.547,t3,t3-u6,4,1,1,,any,12,96,1936.005,1936.005,1,1800,7200
j000029,4837.339,t1,t1-u5,4,1,1,,any,16,96,920.507,920.507,1,1800,7200
j000030,5038.873,t0,t0-u0,1,1,1,,any,16,96,2025.188,2025.188,1,1800,
j000031,5136.778,t0,t0-u0,1,1,1,,any,16,96,2803.69,2803.69,1,1800,
j000032,5171.82,t0,t0-u5,1,8,2,,any,96,1024,181.398,181.398,1,1800,
j000033,5249.782,t0,t0-u7,4,2,1,,any,24,192,640.552,640.552,1,1800,7200
j000034,5313.438,t1,t1-u3,4,1,1,,any,12,96,577.498,577.498,0,1800,7200
j000035,5371.253,t2,t2-u2,4,2,1,,any,24,192,178.194,178.194,0,1800,7200
j000036,5523.578,t1,t1-u6,4,2,1,,any,24,192,2308.58,2308.58,1,1800,7200
j000037,5609.528,t0,t0-u6,4,1,1,,any,12,128,8371.827,8371.827,1,1800,7200
j000038,5672.79,t2,t2-u7,4,1,1,,any,16,96,227.531,227.531,1,1800,7200
j000039,6130.962,t1,t1-u4,4,8,1,,any,96,768,2659.638,2659.638,1,1800,7200
j000040,6237.112,t0,t0-u4,8,1,1,,any,12,96,2728.958,2728.958,0,1800,900
j000041,6588.929,t1,t1-u7,1,1,1,,any,16,96,192.8,192.8,1,1800,
j000042,6632.632,t2,t2-u5,4,2,1,,any,24,192,229.508,229.508,0,1800,7200
j000043,6740.637,t1,t1-u1,8,8,1,,any,128,768,807.904,807.904,0,1800,900
j000044,6753.407,t0,t0-u0,1,1,1,,any,12,96,2883.913,2883.913,1,1800,
j000045,6983.681,t3,t3-u2,1,1,1,,any,12,96,1617.018,1617.018,1,1800,
j000046,7321.587,t0,t0-u2,1,4,1,,any,48,384,7784.404,7784.404,1,1800,
j000047,7450.266,t3,t3-u7,4,1,1,,any,12,96,28847.051,28847.051,0,1800,7200
j000048,7567.927,t0,t0-u1,1,1,1,,any,12,96,2376.997,2376.997,1,1800,
j000049,7647.186,t2,t2-u6,4,2,1,,any,24,192,692.248,692.248,1,1800,7200
j000050,7680.617,t1,t1-u0,1,4,1,,any,48,384,321.311,321.311,1,1800,
j000051,7817.119,t3,t3-u2,1,1,1,,any,12,96,1084.004,1084.004,1,1800,
j000052,7878.957,t2,t2-u0,1,2,1,,any,24,192,799.592,799.592,1,1800,
j000053,7938.852,t1,t1-u1,4,8,2,,rack,96,768,76.161,76.161,1,1800,7200
j000054,8090.903,t0,t0-u3,1,1,1,,any,12,96,189.273,189.273,1,1800,
j000055,8478.194,t0,t0-u6,4,1,1,,any,12,96,2771.331,2771.331,1,1800,7200
j000056,8572.311,t0,t0-u6,4,1,1,,any,12,96,1276.573,1276.573,1,1800,7200
j000057,8720.406,t3,t3-u1,4,1,1,,any,12,96,688.379,688.379,1,1800,7200
j000058,8960.205,t2,t2-u3,1,4,1,,any,64,512,985.728,985.728,1,1800,
j000059,9007.641,t1,t1-u1,1,8,1,,any,96,768,232.958,232.958,1,1800,
j000060,9034.23,t0,t0-u1,1,4,1,,any,64,384,1393.107,1393.107,1,1800,
j000061,9293.502,t0,t0-u1,4,8,1,,any,96,768,1811.683,1811.683,1,1800,7200
j000062,9783.237,t1,t1-u2,8,1,1,,any,12,96,472.963,472.963,0,1800,900
j000063,9873.569,t2,t2-u0,1,4,1,,any,48,384,2239.991,2239.991,1,1800,
j000064,10048.38,t0,t0-u4,1,8,1,,any,96,768,3099.701,3099.701,1,1800,
j000065,10115.183,t2,t2-u3,1,2,1,,any,24,192,12330.117,12330.117,1,1800,
j000066,10252.527,t2,t2-u5,1,1,1,,any,12,96,570.775,570.775,1,1800,
j000067,10508.996,t1,t1-u4,1,1,1,,any,12,96,898.708,898.708,1,1800,
j000068,10684.015,t0,t0-u4,4,1,1,,any,12,128,2199.884,2199.884,0,1800,7200
j000069,10890.995,t2,t2-u5,1,1,1,,any,12,96,243.038,243.038,1,1800,
j000070,11037.679,t2,t2-u6,8,4,1,,any,48,384,1524.758,1524.758,0,1800,900
j000071,11264.236,t0,t0-u3,1,4,1,,any,48,384,707.2,707.2,1,1800,
j000072,11341.987,t1,t1-u3,1,2,1,,any,24,192,1861.302,1861.302,1,1800,
j000073,11634.205,t0,t0-u5,4,1,1,,any,12,96,166.438,166.438,1,1800,7200
j000074,12223.203,t1,t1-u4,8,4,1,,any,48,384,451.897,451.897,0,1800,900
j000075,12299.594,t3,t3-u3,1,1,1,,any,16,96,1261.33,1261.33,1,1800,
j000076,12450.069,t0,t0-u5,4,1,1,,any,16,96,335.566,335.566,1,1800,7200
j000077,12663.664,t0,t0-u7,1,1,1,,any,12,96,5519.11,5519.11,1,1800,
j000078,12909.555,t0,t0-u1,8,1,1,,any,12,96,13042.775,13042.775,0,1800,900
j000079,12975.281,t1,t1-u3,1,1,1,,any,12,96,709.452,709.452,1,1800,
j000080,13284.786,t2,t2-u2,4,1,1,,any,12,96,730.733,730.733,1,1800,7200
j000081,13321.453,t0,t0-u2,1,4,2,,node,48,384,3919.17,3919.17,1,1800,
j000082,13425.43,t1,t1-u2,4,4,1,,any,48,384,3847.087,3847.087,0,1800,7200
j000083,13692.683,t2,t2-u3,4,8,1,,any,96,768,12058.333,12058.333,0,1800,7200
j000084,13820.296,t0,t0-u7,1,1,1,,any,12,96,342.756,342.756,1,1800,
j000085,13891.076,t1,t1-u6,4,4,1,,any,48,384,1015.724,1015.724,0,1800,7200
j000086,13955.036,t3,t3-u7,1,2,1,,any,24,192,673.544,673.544,1,1800,
j000087,13983.244,t2,t2-u2,4,1,1,,any,12,96,152.478,152.478,0,1800,7200
j000088,14117.541,t2,t2-u7,1,1,1,,any,12,96,347.184,347.184,1,1800,
j000089,14598.157,t2,t2-u4,1,4,1,,any,48,384,5731.204,5731.204,1,1800,
j000090,14747.072,t1,t1-u6,8,1,1,,any,12,128,974.585,974.585,0,1800,900
j000091,14800.238,t0,t0-u3,1,8,1,,any,96,768,264.123,264.123,1,1800,
j000092,14822.436,t2,t2-u2,4,2,1,,any,24,192,504.582,504.582,1,1800,7200
j000093,14898.73,t1,t1-u2,1,1,1,,any,12,96,2915.816,2915.816,1,1800,
j000094,15071.849,t1,t1-u2,8,1,1,,any,12,96,4137.835,4137.835,0,1800,900
j000095,15123.34,t0,t0-u6,8,4,1,,any,48,384,1920.771,1920.771,0,1800,900
j000096,15313.74,t1,t1-u2,4,1,1,,any,12,96,1170.797,1170.797,1,1800,7200
j000097,15374.546,t0,t0-u4,1,4,1,,any,48,384,613.59,613.59,1,1800,
j000098,15490.28,t0,t0-u2,4,1,1,,any,12,96,9370.948,9370.948,0,1800,7200
j000099,15493.52,t3,t3-u1,1,1,1,,any,12,96,385.965,385.965,1,1800,
j000100,15546.456,t3,t3-u6,1,8,1,,any,96,768,2884.556,2884.556,1,1800,
j000101,15732.154,t1,t1-u6,8,1,1,,any,12,96,2798.376,2798.376,0,1800,900
j000102,15910.4,t0,t0-u0,4,1,1,,any,16,96,2736.055,2736.055,1,1800,7200
j000103,15934.289,t0,t0-u6,4,4,1,,any,48,384,416.48,416.48,0,1800,7200
j000104,15977.985,t2,t2-u3,4,4,1,,any,48,384,3640.39,3640.39,0,1800,7200
j000105,16044.351,t2,t2-u6,1,1,1,,any,16,96,1146.114,1146.114,1,1800,
j000106,16174.096,t1,t1-u4,8,1,1,,any,12,96,1777.743,1777.743,0,1800,900
j000107,16228.006,t0,t0-u7,1,8,1,,any,96,768,824.169,824.169,1,1800,
j000108,16233.295,t2,t2-u4,4,1,1,,any,12,128,1804.979,1804.979,1,1800,7200
j000109,16257.859,t3,t3-u4,1,8,2,,rack,96,768,2559.706,2559.706,1,1800,
j000110,16327.367,t1,t1-u6,1,8,2,,rack,96,768,14776.094,14776.094,1,1800,
j000111,16518.836,t2,t2-u4,1,8,2,,rack,128,768,367.296,367.296,1,1800,
j000112,16705.768,t1,t1-u7,1,1,1,,any,16,96,386.42,386.42,1,1800,
j000113,16820.826,t2,t2-u1,8,1,1,,any,12,96,86400,86400,0,1800,900
j000114,16874.163,t0,t0-u4,4,2,1,,any,24,192,8861.068,8861.068,1,1800,7200
j000115,16908.997,t0,t0-u0,1,1,1,,any,12,96,800.845,800.845,1,1800,
j000116,17125.548,t1,t1-u2,4,4,1,,any,48,512,3248.461,3248.461,1,1800,7200
j000117,17145.629,t0,t0-u7,1,2,1,,any,24,192,771.828,771.828,1,1800,
j000118,17246.093,t2,t2-u5,4,1,1,,any,12,96,640.471,640.471,1,1800,7200
j000119,17273.11,t0,t0-u7,1,4,1,,any,48,384,899.017,899.017,1,1800,
j000120,17294.952,t0,t0-u6,1,4,1,,any,48,384,1013.437,1013.437,1,1800,
j000121,17350.851,t2,t2-u4,4,1,1,,any,12,96,3122.171,3122.171,0,1800,7200
j000122,17767.366,t0,t0-u7,1,4,1,,any,48,384,160.389,160.389,1,1800,
j000123,17797.554,t1,t1-u2,4,4,1,,any,48,384,1819.168,1819.168,1,1800,7200
j000124,17859.874,t1,t1-u7,1,1,1,,any,12,96,355.865,355.865,1,1800,
j000125,17864.093,t1,t1-u0,1,2,1,,any,24,192,88.668,88.668,1,1800,
j000126,17892.155,t2,t2-u6,4,4,1,,any,48,384,5028.52,5028.52,1,1800,7200
j000127,17947.225,t1,t1-u5,1,2,1,,any,24,256,1231.069,1231.069,1,1800,
j000128,18175.414,t0,t0-u5,4,1,1,,any,12,128,355.635,355.635,0,1800,7200
j000129,18380.689,t2,t2-u4,1,8,2,,any,128,768,1962.385,1962.385,1,1800,
j000130,18483.065,t1,t1-u4,8,1,1,,any,12,96,2819.727,2819.727,0,1800,900
j000131,18508.544,t3,t3-u3,1,4,2,,node,48,384,2931.884,2931.884,1,1800,
j000132,18643.101,t2,t2-u4,4,1,1,,any,12,96,3475.27,3475.27,1,1800,7200
j000133,18883.449,t0,t0-u0,1,1,1,,any,12,96,1083.413,1083.413,1,1800,
j000134,18904.108,t1,t1-u7,4,8,1,,any,96,768,221.548,221.548,1,1800,7200
j000135,18929.335,t2,t2-u5,1,8,1,,any,96,768,2595.821,2595.821,1,1800,
j000136,19208.368,t0,t0-u4,4,8,1,,any,96,768,2355.349,2355.349,0,1800,7200
j000137,19226.598,t0,t0-u6,4,2,1,,any,24,192,4093.549,4093.549,0,1800,7200
j000138,19512.285,t2,t2-u6,4,8,1,,any,96,768,352.112,352.112,1,1800,7200
j000139,19631.163,t2,t2-u1,1,1,1,,any,12,96,23165.746,23165.746,1,1800,
j000140,19745.547,t0,t0-u4,4,1,1,,any,12,96,1710.343,1710.343,0,1800,7200
j000141,19883.385,t2,t2-u5,1,1,1,,any,12,96,650.5,650.5,1,1800,
j000142,20135.789,t1,t1-u2,1,1,1,,any,12,96,2288.288,2288.288,1,1800,
j000143,20172.915,t3,t3-u3,1,8,1,,any,96,768,1617.058,1617.058,1,1800,
j000144,20334.215,t0,t0-u2,1,1,1,,any,12,96,1016.399,1016.399,1,1800,
j000145,20359.392,t1,t1-u0,4,1,1,,any,12,96,211.687,211.687,1,1800,7200
j000146,20686.412,t1,t1-u5,1,1,1,,any,12,96,763.505,763.505,1,1800,
j000147,20853.235,t0,t0-u7,4,1,1,,any,12,96,1150.66,1150.66,0,1800,7200
j000148,21007.657,t1,t1-u4,4,2,1,,any,24,192,2829.324,2829.324,0,1800,7200
j000149,21394.475,t3,t3-u3,1,1,1,,any,12,96,2699.096,2699.096,1,1800,
j000150,21954.408,t2,t2-u3,8,1,1,,any,12,96,9881.18,9881.18,0,1800,900
j000151,21968.596,t0,t0-u2,4,2,1,,any,24,256,3160.469,3160.469,0,1800,7200
j000152,21989.346,t3,t3-u7,4,8,1,,any,96,768,6742.245,6742.245,0,1800,7200
j000153,22018.302,t2,t2-u1,1,4,1,,any,48,512,23046.054,23046.054,1,1800,
j000154,22060.405,t2,t2-u3,1,4,1,,any,48,384,924.264,924.264,1,1800,
j000155,22364.392,t2,t2-u0,1,1,1,,any,12,96,358.721,358.721,1,1800,
j000156,22446.575,t0,t0-u3,1,1,1,,any,12,96,545.462,545.462,1,1800,
j000157,22447.386,t1,t1-u2,4,1,1,,any,16,96,6354.737,6354.737,0,1800,7200
j000158,22463.579,t0,t0-u6,1,2,1,,any,24,256,1239.356,1239.356,1,1800,
j000159,22541.9,t2,t2-u7,4,8,1,,any,96,768,2183.131,2183.131,1,1800,7200
j000160,22670.052,t1,t1-u0,4,1,1,,any,12,128,241.648,241.648,1,1800,7200
j000161,22941.743,t3,t3-u4,1,2,1,,any,24,192,1185.255,1185.255,1,1800,
j000162,22946.018,t1,t1-u1,1,4,1,,any,48,384,270.393,270.393,1,1800,
j000163,23057.7,t0,t0-u1,4,1,1,,any,12,96,1506.668,1506.668,1,1800,7200
j000164,23134.962,t0,t0-u7,4,1,1,,any,12,96,598.966,598.966,0,1800,7200
j000165,23146.97,t2,t2-u5,4,1,1,,any,12,96,1793.741,1793.741,1,1800,7200
j000166,23209.573,t1,t1-u3,1,1,1,,any,12,96,2555.516,2555.516,1,1800,
j000167,23211.98,t1,t1-u6,1,1,1,,any,12,96,2322.303,2322.303,1,1800,
j000168,23276.345,t1,t1-u7,8,1,1,,any,12,96,172.556,172.556,0,1800,900
j000169,23401.46,t0,t0-u6,8,1,1,,any,16,96,3812.783,3812.783,0,1800,900
j000170,23588.741,t0,t0-u2,1,4,1,,any,48,384,5278.56,5278.56,1,1800,
j000171,23619.177,t1,t1-u6,1,1,1,,any,16,96,1869.794,1869.794,1,1800,
j000172,23757.295,t0,t0-u5,4,4,1,,any,48,512,575.366,575.366,0,1800,7200
j000173,23812.176,t2,t2-u3,1,2,1,,any,24,192,4843.327,4843.327,1,1800,
j000174,24000.926,t0,t0-u5,8,1,1,,any,12,96,608.403,608.403,0,1800,900
j000175,24050.207,t2,t2-u7,8,1,1,,any,12,96,130.498,130.498,0,1800,900
j000176,24197.737,t2,t2-u2,4,1,1,,any,12,96,410.58,410.58,0,1800,7200
j000177,24537.279,t1,t1-u6,4,1,1,,any,12,96,486.093,486.093,0,1800,7200
j000178,24567.343,t2,t2-u3,4,1,1,,any,12,96,15692.981,15692.981,1,1800,7200
j000179,24611.066,t1,t1-u6,4,1,1,,any,12,96,2332.169,2332.169,1,1800,7200
j000180,24894.874,t1,t1-u0,4,8,1,,any,96,768,252.695,252.695,1,1800,7200
j000181,24989.673,t0,t0-u2,1,1,1,,any,12,96,794.167,794.167,1,1800,
j000182,25073.095,t0,t0-u4,4,1,1,,any,12,96,1595.282,1595.282,0,1800,7200
j000183,25164.75,t2,t2-u7,1,8,2,,rack,96,768,1448.491,1448.491,1,1800,
j000184,25176.309,t1,t1-u1,1,1,1,,any,12,96,1627.758,1627.758,1,1800,
j000185,25245.201,t1,t1-u6,1,1,1,,any,12,96,5656.485,5656.485,1,1800,
j000186,25456.911,t0,t0-u7,4,2,1,,any,24,192,1627.09,1627.09,0,1800,7200
j000187,25529.702,t1,t1-u6,1,8,2,,any,96,768,986.477,986.477,1,1800,
j000188,25551.234,t1,t1-u6,1,2,1,,any,24,192,2227.642,2227.642,1,1800,
j000189,25628.682,t0,t0-u1,4,1,1,,any,12,96,946.299,946.299,1,1800,7200
j000190,25644.379,t0,t0-u2,1,2,1,,any,24,192,1424.254,1424.254,1,1800,
j000191,25731.04,t3,t3-u7,1,1,1,,any,12,96,14250.773,14250.773,1,1800,
j000192,25743.986,t3,t3-u5,1,1,1,,any,12,96,973.522,973.522,1,1800,
j000193,25868.629,t1,t1-u1,1,2,1,,any,24,192,710.445,710.445,1,1800,
j000194,26346.951,t3,t3-u0,1,2,1,,any,24,192,6186.863,6186.863,1,1800,
j000195,26582.51,t0,t0-u6,8,1,1,,any,12,96,2164.28,2164.28,0,1800,900
j000196,26640.403,t0,t0-u5,4,1,1,,any,12,96,887.978,887.978,1,1800,7200
j000197,26699.76,t0,t0-u3,4,1,1,,any,12,96,3362.785,3362.785,1,1800,7200
j000198,26767.144,t2,t2-u5,8,1,1,,any,12,96,1561.346,1561.346,0,1800,900
j000199,26861.855,t1,t1-u2,1,1,1,,any,12,96,3881.677,3881.677,1,1800,
