scenario,policy,metric,n,mean,ci95_low,ci95_high
s14-quota,drf+topology_aware+easy_predicted,J,20,0.7624339771,0.4329109982,1.091956956
s14-quota,drf+topology_aware+easy_predicted,J_slowdown,20,0.144285384,0.08498351651,0.2035872514
s14-quota,drf+topology_aware+easy_predicted,J_wait,20,0.4405061654,0.2232785908,0.65773374
s14-quota,drf+topology_aware+easy_predicted,J_waste,20,0.03829169916,0.03366800732,0.04291539101
s14-quota,drf+topology_aware+easy_predicted,J_slo,20,0.02770934352,0.01853491505,0.03688377198
s14-quota,drf+topology_aware+easy_predicted,J_fairness,20,0.1116413851,0.05746754596,0.1658152242
s14-quota,drf+topology_aware+easy_predicted,wait_mean,20,1153.574594,681.1435745,1626.005613
s14-quota,drf+topology_aware+easy_predicted,wait_p95,20,5605.90005,2841.452769,8370.347331
s14-quota,drf+topology_aware+easy_predicted,wait_p99,20,28410.4693,17205.15887,39615.77973
s14-quota,drf+topology_aware+easy_predicted,jct_mean,20,3857.699129,3272.021286,4443.376972
s14-quota,drf+topology_aware+easy_predicted,jct_p95,20,14932.2844,12008.02457,17856.54423
s14-quota,drf+topology_aware+easy_predicted,bsld_mean,20,2.180986859,1.723623805,2.638349913
s14-quota,drf+topology_aware+easy_predicted,bsld_p95,20,6.468875751,3.810142054,9.127609447
s14-quota,drf+topology_aware+easy_predicted,bsld_p99,20,24.49246652,14.97341295,34.01152009
s14-quota,drf+topology_aware+easy_predicted,wflow_mean,20,2.180986859,1.723623805,2.638349913
s14-quota,drf+topology_aware+easy_predicted,wflow_sum_all,20,4118.094193,3324.081233,4912.107154
s14-quota,drf+topology_aware+easy_predicted,large_wait_mean,20,4878.949486,2868.612822,6889.286151
s14-quota,drf+topology_aware+easy_predicted,large_wait_p95,20,27127.19965,16155.4114,38098.9879
s14-quota,drf+topology_aware+easy_predicted,utilization,20,0.8703397982,0.8517374859,0.8889421105
s14-quota,drf+topology_aware+easy_predicted,frag_blocked_frac,20,0.402920911,0.3582000957,0.4476417262
s14-quota,drf+topology_aware+easy_predicted,stranded_frac,20,0.1966166577,0.1717651984,0.2214681169
s14-quota,drf+topology_aware+easy_predicted,goodput_ratio,20,0.9617083008,0.957084609,0.9663319927
s14-quota,drf+topology_aware+easy_predicted,wasted_gpu_hours,20,186.8701942,156.3876056,217.3527829
s14-quota,drf+topology_aware+easy_predicted,lost_gpu_hours,20,0,0,0
s14-quota,drf+topology_aware+easy_predicted,overhead_gpu_hours,20,0,0,0
s14-quota,drf+topology_aware+easy_predicted,topology_gpu_hours,20,186.8701035,156.387518,217.3526891
s14-quota,drf+topology_aware+easy_predicted,slack_gpu_hours,20,9.070303034e-05,8.226737077e-05,9.913868991e-05
s14-quota,drf+topology_aware+easy_predicted,preemptions,20,0,0,0
s14-quota,drf+topology_aware+easy_predicted,failure_kills,20,0,0,0
s14-quota,drf+topology_aware+easy_predicted,node_downtime_gpu_hours,20,0,0,0
s14-quota,drf+topology_aware+easy_predicted,jain_bsld,20,0.8883586149,0.8341847758,0.942532454
s14-quota,drf+topology_aware+easy_predicted,tenant_worst_best_ratio,20,2.257780739,1.729282857,2.786278621
s14-quota,drf+topology_aware+easy_predicted,slo_attainment,20,0.9722906565,0.963116228,0.9814650849
s14-quota,drf+topology_aware+easy_predicted,makespan,20,226577.3632,194431.8336,258722.8927
s14-quota,drf+topology_aware+easy_predicted,reservations,20,220.35,205.3049756,235.3950244
s14-quota,drf+topology_aware+easy_predicted,broken_reservations,20,114.6,105.1205114,124.0794886
s14-quota,drf+topology_aware+easy_predicted,tenant_t0_bsld_mean,20,2.837746654,2.044438735,3.631054573
s14-quota,drf+topology_aware+easy_predicted,tenant_t0_bsld_p95,20,11.48080389,5.890405615,17.07120216
s14-quota,drf+topology_aware+easy_predicted,tenant_t1_bsld_mean,20,1.378177626,1.197670469,1.558684783
s14-quota,drf+topology_aware+easy_predicted,tenant_t1_bsld_p95,20,2.463393313,1.949256071,2.977530556
s14-quota,drf+topology_aware+easy_predicted,tenant_t2_bsld_mean,20,1.362083282,1.271317293,1.452849271
s14-quota,drf+topology_aware+easy_predicted,tenant_t2_bsld_p95,20,2.632370599,2.205469894,3.059271305
s14-quota,drf+topology_aware+easy_predicted,tenant_t3_bsld_mean,20,1.416868912,1.2171164,1.616621425
s14-quota,drf+topology_aware+easy_predicted,tenant_t3_bsld_p95,20,3.013381812,1.989363934,4.037399691
s14-quota,drf+topology_aware+easy_predicted,prio_1_wait_p95,20,13320.87885,5566.951666,21074.80603
s14-quota,drf+topology_aware+easy_predicted,prio_1_bsld_p95,20,11.01923871,5.412708149,16.62576928
s14-quota,drf+topology_aware+easy_predicted,prio_8_wait_p95,20,1495.08935,1057.909487,1932.269213
s14-quota,drf+topology_aware+easy_predicted,quota_satisfaction,20,0.9140600085,0.9008264179,0.9272935991
s14-quota,drf+topology_aware+easy_predicted,borrowed_gpu_hours,20,1597.773203,1180.63352,2014.912887
s14-quota,drf+topology_aware+easy_predicted,jain_weighted_bsld,20,0.8883586149,0.8341847758,0.942532454
s14-quota,fifo+first_fit+none,J,20,3.981284018,3.126783889,4.835784147
s14-quota,fifo+first_fit+none,J_slowdown,20,1.737002874,1.249289741,2.224716007
s14-quota,fifo+first_fit+none,J_wait,20,1.515025681,1.2232314,1.806819962
s14-quota,fifo+first_fit+none,J_waste,20,0.04870335612,0.0440320258,0.05337468645
s14-quota,fifo+first_fit+none,J_slo,20,0.6148942851,0.4984790486,0.7313095216
s14-quota,fifo+first_fit+none,J_fairness,20,0.06565782201,0.04498677336,0.08632887065
s14-quota,fifo+first_fit+none,wait_mean,20,10549.65128,7554.89115,13544.41141
s14-quota,fifo+first_fit+none,wait_p95,20,19280.28075,15566.89442,22993.66708
s14-quota,fifo+first_fit+none,wait_p99,20,20901.6139,17055.07347,24748.15433
s14-quota,fifo+first_fit+none,jct_mean,20,13262.50598,10191.70794,16333.30402
s14-quota,fifo+first_fit+none,jct_p95,20,24031.72515,20133.92662,27929.52368
s14-quota,fifo+first_fit+none,bsld_mean,20,19.34048233,14.02582939,24.65513527
s14-quota,fifo+first_fit+none,bsld_p95,20,77.87660442,56.01052503,99.7426838
s14-quota,fifo+first_fit+none,bsld_p99,20,174.682578,126.7926416,222.5725143
s14-quota,fifo+first_fit+none,wflow_mean,20,19.34048233,14.02582939,24.65513527
s14-quota,fifo+first_fit+none,wflow_sum_all,20,38367.7176,28109.53847,48625.89673
s14-quota,fifo+first_fit+none,large_wait_mean,20,10852.4461,7832.792355,13872.09985
s14-quota,fifo+first_fit+none,large_wait_p95,20,19464.1697,15775.6476,23152.6918
s14-quota,fifo+first_fit+none,utilization,20,0.8206092969,0.8108909968,0.830327597
s14-quota,fifo+first_fit+none,frag_blocked_frac,20,0.7960870032,0.7486137039,0.8435603025
s14-quota,fifo+first_fit+none,stranded_frac,20,0.23757231,0.22428885,0.25085577
s14-quota,fifo+first_fit+none,goodput_ratio,20,0.9512966439,0.9466253135,0.9559679742
s14-quota,fifo+first_fit+none,wasted_gpu_hours,20,238.6144593,207.4882976,269.7406211
s14-quota,fifo+first_fit+none,lost_gpu_hours,20,0,0,0
s14-quota,fifo+first_fit+none,overhead_gpu_hours,20,0,0,0
s14-quota,fifo+first_fit+none,topology_gpu_hours,20,238.6143421,207.4881814,269.7405028
s14-quota,fifo+first_fit+none,slack_gpu_hours,20,0.0001172181819,0.0001109160244,0.0001235203394
s14-quota,fifo+first_fit+none,preemptions,20,0,0,0
s14-quota,fifo+first_fit+none,failure_kills,20,0,0,0
s14-quota,fifo+first_fit+none,node_downtime_gpu_hours,20,0,0,0
s14-quota,fifo+first_fit+none,jain_bsld,20,0.934342178,0.9136711294,0.9550132266
s14-quota,fifo+first_fit+none,tenant_worst_best_ratio,20,1.988954989,1.772552231,2.205357747
s14-quota,fifo+first_fit+none,slo_attainment,20,0.3851057149,0.2686904784,0.5015209514
s14-quota,fifo+first_fit+none,makespan,20,242701.5862,209435.8096,275967.3628
s14-quota,fifo+first_fit+none,reservations,20,0,0,0
s14-quota,fifo+first_fit+none,broken_reservations,20,0,0,0
s14-quota,fifo+first_fit+none,tenant_t0_bsld_mean,20,19.61864286,13.62514113,25.61214458
s14-quota,fifo+first_fit+none,tenant_t0_bsld_p95,20,80.93672239,54.83158986,107.0418549
s14-quota,fifo+first_fit+none,tenant_t1_bsld_mean,20,18.12981349,13.42001882,22.83960817
s14-quota,fifo+first_fit+none,tenant_t1_bsld_p95,20,72.3249019,52.11062598,92.53917782
s14-quota,fifo+first_fit+none,tenant_t2_bsld_mean,20,21.16610773,13.67713602,28.65507944
s14-quota,fifo+first_fit+none,tenant_t2_bsld_p95,20,78.40757676,49.83280833,106.9823452
s14-quota,fifo+first_fit+none,tenant_t3_bsld_mean,20,17.88495126,12.85822512,22.91167741
s14-quota,fifo+first_fit+none,tenant_t3_bsld_p95,20,71.80014704,46.84086993,96.75942415
s14-quota,fifo+first_fit+none,prio_1_wait_p95,20,19289.17335,15580.79218,22997.55452
s14-quota,fifo+first_fit+none,prio_1_bsld_p95,20,79.48574076,56.22466168,102.7468198
s14-quota,fifo+first_fit+none,prio_8_wait_p95,20,19172.723,15419.28988,22926.15612
s14-quota,fifo+first_fit+none,quota_satisfaction,20,0.6202505544,0.5848023731,0.6556987358
s14-quota,fifo+first_fit+none,borrowed_gpu_hours,20,1512.254311,1128.19684,1896.311781
s14-quota,fifo+first_fit+none,jain_weighted_bsld,20,0.934342178,0.9136711294,0.9550132266
s14-quota,shortest_estimate+topology_aware+easy_predicted,J,20,0.2598914087,0.2219043133,0.2978785041
s14-quota,shortest_estimate+topology_aware+easy_predicted,J_slowdown,20,0.05294929552,0.04794045857,0.05795813246
s14-quota,shortest_estimate+topology_aware+easy_predicted,J_wait,20,0.1389474962,0.1128622046,0.1650327878
s14-quota,shortest_estimate+topology_aware+easy_predicted,J_waste,20,0.04034778938,0.03543576187,0.04525981689
s14-quota,shortest_estimate+topology_aware+easy_predicted,J_slo,20,0.02536264447,0.01996031361,0.03076497534
s14-quota,shortest_estimate+topology_aware+easy_predicted,J_fairness,20,0.002284183131,0.0013667031,0.003201663163
s14-quota,shortest_estimate+topology_aware+easy_predicted,wait_mean,20,461.4336197,347.5005834,575.3666561
s14-quota,shortest_estimate+topology_aware+easy_predicted,wait_p95,20,1768.2517,1436.289178,2100.214222
s14-quota,shortest_estimate+topology_aware+easy_predicted,wait_p99,20,9600.39055,6863.973685,12336.80741
s14-quota,shortest_estimate+topology_aware+easy_predicted,jct_mean,20,3167.777573,2769.307438,3566.247708
s14-quota,shortest_estimate+topology_aware+easy_predicted,jct_p95,20,11276.99925,9516.25238,13037.74612
s14-quota,shortest_estimate+topology_aware+easy_predicted,bsld_mean,20,1.241553245,1.202521629,1.280584861
s14-quota,shortest_estimate+topology_aware+easy_predicted,bsld_p95,20,2.373923154,2.149357485,2.598488824
s14-quota,shortest_estimate+topology_aware+easy_predicted,bsld_p99,20,5.033846822,4.504654156,5.563039487
s14-quota,shortest_estimate+topology_aware+easy_predicted,wflow_mean,20,1.241553245,1.202521629,1.280584861
s14-quota,shortest_estimate+topology_aware+easy_predicted,wflow_sum_all,20,2456.62657,2384.589725,2528.663415
s14-quota,shortest_estimate+topology_aware+easy_predicted,large_wait_mean,20,1932.410009,1464.910948,2399.90907
s14-quota,shortest_estimate+topology_aware+easy_predicted,large_wait_p95,20,8941.09695,6606.159189,11276.03471
s14-quota,shortest_estimate+topology_aware+easy_predicted,utilization,20,0.861004062,0.8448344762,0.8771736479
s14-quota,shortest_estimate+topology_aware+easy_predicted,frag_blocked_frac,20,0.399191008,0.3570179429,0.4413640732
s14-quota,shortest_estimate+topology_aware+easy_predicted,stranded_frac,20,0.1917400481,0.1721076584,0.2113724379
s14-quota,shortest_estimate+topology_aware+easy_predicted,goodput_ratio,20,0.9596522106,0.9547401831,0.9645642381
s14-quota,shortest_estimate+topology_aware+easy_predicted,wasted_gpu_hours,20,195.9730531,165.540367,226.4057392
s14-quota,shortest_estimate+topology_aware+easy_predicted,lost_gpu_hours,20,0,0,0
s14-quota,shortest_estimate+topology_aware+easy_predicted,overhead_gpu_hours,20,0,0,0
s14-quota,shortest_estimate+topology_aware+easy_predicted,topology_gpu_hours,20,195.972962,165.5402796,226.4056443
s14-quota,shortest_estimate+topology_aware+easy_predicted,slack_gpu_hours,20,9.114343438e-05,8.496432788e-05,9.732254088e-05
s14-quota,shortest_estimate+topology_aware+easy_predicted,preemptions,20,0,0,0
s14-quota,shortest_estimate+topology_aware+easy_predicted,failure_kills,20,0,0,0
s14-quota,shortest_estimate+topology_aware+easy_predicted,node_downtime_gpu_hours,20,0,0,0
s14-quota,shortest_estimate+topology_aware+easy_predicted,jain_bsld,20,0.9977158169,0.9967983368,0.9986332969
s14-quota,shortest_estimate+topology_aware+easy_predicted,tenant_worst_best_ratio,20,1.121373254,1.095144415,1.147602093
s14-quota,shortest_estimate+topology_aware+easy_predicted,slo_attainment,20,0.9746373555,0.9692350247,0.9800396864
s14-quota,shortest_estimate+topology_aware+easy_predicted,makespan,20,231566.6249,199050.3208,264082.929
s14-quota,shortest_estimate+topology_aware+easy_predicted,reservations,20,264.35,243.6416533,285.0583467
s14-quota,shortest_estimate+topology_aware+easy_predicted,broken_reservations,20,130.15,118.0469105,142.2530895
s14-quota,shortest_estimate+topology_aware+easy_predicted,tenant_t0_bsld_mean,20,1.241094436,1.198496379,1.283692493
s14-quota,shortest_estimate+topology_aware+easy_predicted,tenant_t0_bsld_p95,20,2.404779393,2.179354074,2.630204712
s14-quota,shortest_estimate+topology_aware+easy_predicted,tenant_t1_bsld_mean,20,1.24843265,1.200286821,1.29657848
s14-quota,shortest_estimate+topology_aware+easy_predicted,tenant_t1_bsld_p95,20,2.379406938,2.090631744,2.668182131
s14-quota,shortest_estimate+topology_aware+easy_predicted,tenant_t2_bsld_mean,20,1.242440375,1.185648966,1.299231784
s14-quota,shortest_estimate+topology_aware+easy_predicted,tenant_t2_bsld_p95,20,2.368898886,2.103102407,2.634695365
s14-quota,shortest_estimate+topology_aware+easy_predicted,tenant_t3_bsld_mean,20,1.236380536,1.188599996,1.284161077
s14-quota,shortest_estimate+topology_aware+easy_predicted,tenant_t3_bsld_p95,20,2.395353978,2.098200493,2.692507463
s14-quota,shortest_estimate+topology_aware+easy_predicted,prio_1_wait_p95,20,1723.71625,1403.371515,2044.060985
s14-quota,shortest_estimate+topology_aware+easy_predicted,prio_1_bsld_p95,20,2.371880558,2.150118962,2.593642155
s14-quota,shortest_estimate+topology_aware+easy_predicted,prio_8_wait_p95,20,1801.4279,1238.914917,2363.940883
s14-quota,shortest_estimate+topology_aware+easy_predicted,quota_satisfaction,20,0.8405245398,0.8122922239,0.8687568557
s14-quota,shortest_estimate+topology_aware+easy_predicted,borrowed_gpu_hours,20,1623.582336,1222.042058,2025.122614
s14-quota,shortest_estimate+topology_aware+easy_predicted,jain_weighted_bsld,20,0.9977158169,0.9967983368,0.9986332969
s14-quota,shortest_estimate+topology_aware+easy_predicted+quota,J,20,0.3016705095,0.2294661429,0.3738748761
s14-quota,shortest_estimate+topology_aware+easy_predicted+quota,J_slowdown,20,0.05799570596,0.04942810721,0.0665633047
s14-quota,shortest_estimate+topology_aware+easy_predicted+quota,J_wait,20,0.1546723969,0.1158426743,0.1935021194
s14-quota,shortest_estimate+topology_aware+easy_predicted+quota,J_waste,20,0.03913399459,0.03454038375,0.04372760544
s14-quota,shortest_estimate+topology_aware+easy_predicted+quota,J_slo,20,0.02801614816,0.02109819027,0.03493410605
s14-quota,shortest_estimate+topology_aware+easy_predicted+quota,J_fairness,20,0.02185226389,-0.003980177631,0.04768470542
s14-quota,shortest_estimate+topology_aware+easy_predicted+quota,wait_mean,20,526.0806388,377.7213691,674.4399085
s14-quota,shortest_estimate+topology_aware+easy_predicted+quota,wait_p95,20,1968.36745,1474.218762,2462.516138
s14-quota,shortest_estimate+topology_aware+easy_predicted+quota,wait_p99,20,12292.72855,7685.60091,16899.85619
s14-quota,shortest_estimate+topology_aware+easy_predicted+quota,jct_mean,20,3231.321968,2824.32512,3638.318815
s14-quota,shortest_estimate+topology_aware+easy_predicted+quota,jct_p95,20,11583.0164,9633.793241,13532.23956
s14-quota,shortest_estimate+topology_aware+easy_predicted+quota,bsld_mean,20,1.387848437,1.26780456,1.507892315
s14-quota,shortest_estimate+topology_aware+easy_predicted+quota,bsld_p95,20,2.60017339,2.216054568,2.984292212
s14-quota,shortest_estimate+topology_aware+easy_predicted+quota,bsld_p99,20,8.620650693,6.741706414,10.49959497
s14-quota,shortest_estimate+topology_aware+easy_predicted+quota,wflow_mean,20,1.387848437,1.26780456,1.507892315
s14-quota,shortest_estimate+topology_aware+easy_predicted+quota,wflow_sum_all,20,2721.860022,2518.277361,2925.442683
s14-quota,shortest_estimate+topology_aware+easy_predicted+quota,large_wait_mean,20,2242.278832,1622.357374,2862.200291
s14-quota,shortest_estimate+topology_aware+easy_predicted+quota,large_wait_p95,20,11453.86795,7427.863758,15479.87214
s14-quota,shortest_estimate+topology_aware+easy_predicted+quota,utilization,20,0.8570490368,0.8428198157,0.8712782578
s14-quota,shortest_estimate+topology_aware+easy_predicted+quota,frag_blocked_frac,20,0.4189297245,0.3722561754,0.4656032737
s14-quota,shortest_estimate+topology_aware+easy_predicted+quota,stranded_frac,20,0.190169359,0.171621218,0.2087175
s14-quota,shortest_estimate+topology_aware+easy_predicted+quota,goodput_ratio,20,0.9608660054,0.9562723946,0.9654596163
s14-quota,shortest_estimate+topology_aware+easy_predicted+quota,wasted_gpu_hours,20,192.7371722,159.81125,225.6630945
s14-quota,shortest_estimate+topology_aware+easy_predicted+quota,lost_gpu_hours,20,0,0,0
s14-quota,shortest_estimate+topology_aware+easy_predicted+quota,overhead_gpu_hours,20,0,0,0
s14-quota,shortest_estimate+topology_aware+easy_predicted+quota,topology_gpu_hours,20,192.7370824,159.8111646,225.6630003
s14-quota,shortest_estimate+topology_aware+easy_predicted+quota,slack_gpu_hours,20,8.979191923e-05,8.097155976e-05,9.86122787e-05
s14-quota,shortest_estimate+topology_aware+easy_predicted+quota,preemptions,20,0,0,0
s14-quota,shortest_estimate+topology_aware+easy_predicted+quota,failure_kills,20,0,0,0
s14-quota,shortest_estimate+topology_aware+easy_predicted+quota,node_downtime_gpu_hours,20,0,0,0
s14-quota,shortest_estimate+topology_aware+easy_predicted+quota,jain_bsld,20,0.9781477361,0.9523152946,1.003980178
s14-quota,shortest_estimate+topology_aware+easy_predicted+quota,tenant_worst_best_ratio,20,1.386205033,1.118893399,1.653516668
s14-quota,shortest_estimate+topology_aware+easy_predicted+quota,slo_attainment,20,0.9719838518,0.965065894,0.9789018097
s14-quota,shortest_estimate+topology_aware+easy_predicted+quota,makespan,20,230959.9553,198288.187,263631.7236
s14-quota,shortest_estimate+topology_aware+easy_predicted+quota,reservations,20,233.7,216.0109323,251.3890677
s14-quota,shortest_estimate+topology_aware+easy_predicted+quota,broken_reservations,20,117.65,106.344738,128.955262
s14-quota,shortest_estimate+topology_aware+easy_predicted+quota,tenant_t0_bsld_mean,20,1.449639017,1.332637906,1.566640129
s14-quota,shortest_estimate+topology_aware+easy_predicted+quota,tenant_t0_bsld_p95,20,3.116692918,2.510563251,3.722822585
s14-quota,shortest_estimate+topology_aware+easy_predicted+quota,tenant_t1_bsld_mean,20,1.279217083,1.197359173,1.361074993
s14-quota,shortest_estimate+topology_aware+easy_predicted+quota,tenant_t1_bsld_p95,20,2.044848055,1.756437379,2.333258731
s14-quota,shortest_estimate+topology_aware+easy_predicted+quota,tenant_t2_bsld_mean,20,1.401931026,1.009560779,1.794301274
s14-quota,shortest_estimate+topology_aware+easy_predicted+quota,tenant_t2_bsld_p95,20,1.99365959,1.764268954,2.223050225
s14-quota,shortest_estimate+topology_aware+easy_predicted+quota,tenant_t3_bsld_mean,20,1.264069217,1.187131871,1.341006563
s14-quota,shortest_estimate+topology_aware+easy_predicted+quota,tenant_t3_bsld_p95,20,1.990256347,1.742597125,2.237915569
s14-quota,shortest_estimate+topology_aware+easy_predicted+quota,prio_1_wait_p95,20,2006.94255,1558.331447,2455.553653
s14-quota,shortest_estimate+topology_aware+easy_predicted+quota,prio_1_bsld_p95,20,2.598469591,2.185635063,3.01130412
s14-quota,shortest_estimate+topology_aware+easy_predicted+quota,prio_8_wait_p95,20,2232.28255,1451.778869,3012.786231
s14-quota,shortest_estimate+topology_aware+easy_predicted+quota,quota_satisfaction,20,0.8782228623,0.8546685819,0.9017771427
s14-quota,shortest_estimate+topology_aware+easy_predicted+quota,borrowed_gpu_hours,20,1555.967704,1129.832519,1982.102889
s14-quota,shortest_estimate+topology_aware+easy_predicted+quota,jain_weighted_bsld,20,0.9781477361,0.9523152946,1.003980178
s14-quota,shortest_estimate+topology_aware+easy_predicted+quota+reclaim,J,20,0.2358663832,0.197643891,0.2740888754
s14-quota,shortest_estimate+topology_aware+easy_predicted+quota+reclaim,J_slowdown,20,0.05000486909,0.04399569906,0.05601403911
s14-quota,shortest_estimate+topology_aware+easy_predicted+quota+reclaim,J_wait,20,0.1048691674,0.08012105462,0.1296172802
s14-quota,shortest_estimate+topology_aware+easy_predicted+quota+reclaim,J_waste,20,0.04782424792,0.04244380098,0.05320469485
s14-quota,shortest_estimate+topology_aware+easy_predicted+quota+reclaim,J_slo,20,0.0223032329,0.01763665299,0.02696981282
s14-quota,shortest_estimate+topology_aware+easy_predicted+quota+reclaim,J_fairness,20,0.01086486585,0.00582564713,0.01590408458
s14-quota,shortest_estimate+topology_aware+easy_predicted+quota+reclaim,wait_mean,20,399.9262931,289.729996,510.1225901
s14-quota,shortest_estimate+topology_aware+easy_predicted+quota+reclaim,wait_p95,20,1334.56945,1019.623922,1649.514978
s14-quota,shortest_estimate+topology_aware+easy_predicted+quota+reclaim,wait_p99,20,8866.89415,5479.467064,12254.32124
s14-quota,shortest_estimate+topology_aware+easy_predicted+quota+reclaim,jct_mean,20,3198.305956,2818.870364,3577.741548
s14-quota,shortest_estimate+topology_aware+easy_predicted+quota+reclaim,jct_p95,20,11311.683,9615.762834,13007.60317
s14-quota,shortest_estimate+topology_aware+easy_predicted+quota+reclaim,bsld_mean,20,1.272382001,1.212684852,1.332079151
s14-quota,shortest_estimate+topology_aware+easy_predicted+quota+reclaim,bsld_p95,20,2.241913049,1.972498551,2.511327546
s14-quota,shortest_estimate+topology_aware+easy_predicted+quota+reclaim,bsld_p99,20,6.283179993,4.9901453,7.576214686
s14-quota,shortest_estimate+topology_aware+easy_predicted+quota+reclaim,wflow_mean,20,1.272382001,1.212684852,1.332079151
s14-quota,shortest_estimate+topology_aware+easy_predicted+quota+reclaim,wflow_sum_all,20,2511.54301,2406.19234,2616.893679
s14-quota,shortest_estimate+topology_aware+easy_predicted+quota+reclaim,large_wait_mean,20,1690.7312,1239.613385,2141.849015
s14-quota,shortest_estimate+topology_aware+easy_predicted+quota+reclaim,large_wait_p95,20,8349.83495,5232.356851,11467.31305
s14-quota,shortest_estimate+topology_aware+easy_predicted+quota+reclaim,utilization,20,0.8624561235,0.8478339365,0.8770783105
s14-quota,shortest_estimate+topology_aware+easy_predicted+quota+reclaim,frag_blocked_frac,20,0.3697136563,0.3322494602,0.4071778523
s14-quota,shortest_estimate+topology_aware+easy_predicted+quota+reclaim,stranded_frac,20,0.184102608,0.167974782,0.200230434
s14-quota,shortest_estimate+topology_aware+easy_predicted+quota+reclaim,goodput_ratio,20,0.9521757521,0.9467953051,0.957556199
s14-quota,shortest_estimate+topology_aware+easy_predicted+quota+reclaim,wasted_gpu_hours,20,230.5673407,201.7349268,259.3997546
s14-quota,shortest_estimate+topology_aware+easy_predicted+quota+reclaim,lost_gpu_hours,20,10.39621077,8.091277052,12.70114449
s14-quota,shortest_estimate+topology_aware+easy_predicted+quota+reclaim,overhead_gpu_hours,20,21.10653158,18.64265878,23.57040438
s14-quota,shortest_estimate+topology_aware+easy_predicted+quota+reclaim,topology_gpu_hours,20,199.0645052,170.327455,227.8015554
s14-quota,shortest_estimate+topology_aware+easy_predicted+quota+reclaim,slack_gpu_hours,20,9.309090913e-05,8.614560099e-05,0.0001000362173
s14-quota,shortest_estimate+topology_aware+easy_predicted+quota+reclaim,preemptions,20,131.25,113.5513058,148.9486942
s14-quota,shortest_estimate+topology_aware+easy_predicted+quota+reclaim,failure_kills,20,0,0,0
s14-quota,shortest_estimate+topology_aware+easy_predicted+quota+reclaim,node_downtime_gpu_hours,20,0,0,0
s14-quota,shortest_estimate+topology_aware+easy_predicted+quota+reclaim,jain_bsld,20,0.9891351341,0.9840959154,0.9941743529
s14-quota,shortest_estimate+topology_aware+easy_predicted+quota+reclaim,tenant_worst_best_ratio,20,1.278707945,1.206191495,1.351224395
s14-quota,shortest_estimate+topology_aware+easy_predicted+quota+reclaim,slo_attainment,20,0.9776967671,0.9730301872,0.982363347
s14-quota,shortest_estimate+topology_aware+easy_predicted+quota+reclaim,makespan,20,232319.8189,199908.389,264731.2488
s14-quota,shortest_estimate+topology_aware+easy_predicted+quota+reclaim,reservations,20,221.1,202.3450316,239.8549684
s14-quota,shortest_estimate+topology_aware+easy_predicted+quota+reclaim,broken_reservations,20,115.1,103.0430761,127.1569239
s14-quota,shortest_estimate+topology_aware+easy_predicted+quota+reclaim,tenant_t0_bsld_mean,20,1.361469143,1.277147918,1.445790368
s14-quota,shortest_estimate+topology_aware+easy_predicted+quota+reclaim,tenant_t0_bsld_p95,20,2.820544413,2.371814547,3.269274279
s14-quota,shortest_estimate+topology_aware+easy_predicted+quota+reclaim,tenant_t1_bsld_mean,20,1.175738173,1.117464335,1.234012011
s14-quota,shortest_estimate+topology_aware+easy_predicted+quota+reclaim,tenant_t1_bsld_p95,20,1.556963722,1.348998925,1.76492852
s14-quota,shortest_estimate+topology_aware+easy_predicted+quota+reclaim,tenant_t2_bsld_mean,20,1.138420308,1.11496907,1.161871546
s14-quota,shortest_estimate+topology_aware+easy_predicted+quota+reclaim,tenant_t2_bsld_p95,20,1.479552909,1.348076982,1.611028837
s14-quota,shortest_estimate+topology_aware+easy_predicted+quota+reclaim,tenant_t3_bsld_mean,20,1.182390136,1.09336612,1.271414152
s14-quota,shortest_estimate+topology_aware+easy_predicted+quota+reclaim,tenant_t3_bsld_p95,20,1.583953274,1.343944121,1.823962427
s14-quota,shortest_estimate+topology_aware+easy_predicted+quota+reclaim,prio_1_wait_p95,20,1357.58235,1041.631818,1673.532882
s14-quota,shortest_estimate+topology_aware+easy_predicted+quota+reclaim,prio_1_bsld_p95,20,2.241381308,1.96322114,2.519541476
s14-quota,shortest_estimate+topology_aware+easy_predicted+quota+reclaim,prio_8_wait_p95,20,1776.44075,1057.577679,2495.303821
s14-quota,shortest_estimate+topology_aware+easy_predicted+quota+reclaim,quota_satisfaction,20,0.9129105021,0.8937980058,0.9320229983
s14-quota,shortest_estimate+topology_aware+easy_predicted+quota+reclaim,borrowed_gpu_hours,20,1562.120291,1133.275864,1990.964718
s14-quota,shortest_estimate+topology_aware+easy_predicted+quota+reclaim,jain_weighted_bsld,20,0.9891351341,0.9840959154,0.9941743529
s14-quota,shortest_estimate+topology_aware+easy_predicted+quota_strict,J,20,8.740703841,5.461682381,12.0197253
s14-quota,shortest_estimate+topology_aware+easy_predicted+quota_strict,J_slowdown,20,0.6650615544,0.445144337,0.8849787718
s14-quota,shortest_estimate+topology_aware+easy_predicted+quota_strict,J_wait,20,7.457548062,4.4209394,10.49415672
s14-quota,shortest_estimate+topology_aware+easy_predicted+quota_strict,J_waste,20,0.001313973156,0.0004742704189,0.002153675894
s14-quota,shortest_estimate+topology_aware+easy_predicted+quota_strict,J_slo,20,0.1041909079,0.0919454599,0.1164363559
s14-quota,shortest_estimate+topology_aware+easy_predicted+quota_strict,J_fairness,20,0.5125893432,0.4405333742,0.5846453121
s14-quota,shortest_estimate+topology_aware+easy_predicted+quota_strict,wait_mean,20,11999.57867,8262.089536,15737.06781
s14-quota,shortest_estimate+topology_aware+easy_predicted+quota_strict,wait_p95,20,94905.07135,56261.06137,133549.0813
s14-quota,shortest_estimate+topology_aware+easy_predicted+quota_strict,wait_p99,20,252957.3489,188979.3373,316935.3606
s14-quota,shortest_estimate+topology_aware+easy_predicted+quota_strict,jct_mean,20,14683.66305,10636.18767,18731.13843
s14-quota,shortest_estimate+topology_aware+easy_predicted+quota_strict,jct_p95,20,102032.7826,63151.1315,140914.4337
s14-quota,shortest_estimate+topology_aware+easy_predicted+quota_strict,bsld_mean,20,13.30783068,10.57953748,16.03612387
s14-quota,shortest_estimate+topology_aware+easy_predicted+quota_strict,bsld_p95,20,29.81729988,19.95755445,39.67704531
s14-quota,shortest_estimate+topology_aware+easy_predicted+quota_strict,bsld_p99,20,309.7308628,234.1231577,385.338568
s14-quota,shortest_estimate+topology_aware+easy_predicted+quota_strict,wflow_mean,20,13.30783068,10.57953748,16.03612387
s14-quota,shortest_estimate+topology_aware+easy_predicted+quota_strict,wflow_sum_all,20,25696.00059,20493.7568,30898.24438
s14-quota,shortest_estimate+topology_aware+easy_predicted+quota_strict,large_wait_mean,20,52946.48096,36207.1228,69685.83912
s14-quota,shortest_estimate+topology_aware+easy_predicted+quota_strict,large_wait_p95,20,249241.5527,186030.8822,312452.2233
s14-quota,shortest_estimate+topology_aware+easy_predicted+quota_strict,utilization,20,0.5770866435,0.5361922089,0.617981078
s14-quota,shortest_estimate+topology_aware+easy_predicted+quota_strict,frag_blocked_frac,20,0.1622456257,0.1061937543,0.2182974972
s14-quota,shortest_estimate+topology_aware+easy_predicted+quota_strict,stranded_frac,20,0.07083589152,0.06128289833,0.08038888472
s14-quota,shortest_estimate+topology_aware+easy_predicted+quota_strict,goodput_ratio,20,0.9986860268,0.9978463241,0.9995257296
s14-quota,shortest_estimate+topology_aware+easy_predicted+quota_strict,wasted_gpu_hours,20,5.344757333,2.130494325,8.559020342
s14-quota,shortest_estimate+topology_aware+easy_predicted+quota_strict,lost_gpu_hours,20,0,0,0
s14-quota,shortest_estimate+topology_aware+easy_predicted+quota_strict,overhead_gpu_hours,20,0,0,0
s14-quota,shortest_estimate+topology_aware+easy_predicted+quota_strict,topology_gpu_hours,20,5.344753182,2.130491591,8.559014773
s14-quota,shortest_estimate+topology_aware+easy_predicted+quota_strict,slack_gpu_hours,20,4.151515153e-06,1.810130317e-06,6.492899988e-06
s14-quota,shortest_estimate+topology_aware+easy_predicted+quota_strict,preemptions,20,0,0,0
s14-quota,shortest_estimate+topology_aware+easy_predicted+quota_strict,failure_kills,20,0,0,0
s14-quota,shortest_estimate+topology_aware+easy_predicted+quota_strict,node_downtime_gpu_hours,20,0,0,0
s14-quota,shortest_estimate+topology_aware+easy_predicted+quota_strict,jain_bsld,20,0.4874106568,0.4153546879,0.5594666258
s14-quota,shortest_estimate+topology_aware+easy_predicted+quota_strict,tenant_worst_best_ratio,20,15.82155773,11.10080346,20.542312
s14-quota,shortest_estimate+topology_aware+easy_predicted+quota_strict,slo_attainment,20,0.8958090921,0.8835636441,0.9080545401
s14-quota,shortest_estimate+topology_aware+easy_predicted+quota_strict,makespan,20,418986.2489,328501.357,509471.1408
s14-quota,shortest_estimate+topology_aware+easy_predicted+quota_strict,reservations,20,1.5,0.4645624858,2.535437514
s14-quota,shortest_estimate+topology_aware+easy_predicted+quota_strict,broken_reservations,20,0.7,0.07209278368,1.327907216
s14-quota,shortest_estimate+topology_aware+easy_predicted+quota_strict,tenant_t0_bsld_mean,20,21.87751931,16.72488374,27.03015487
s14-quota,shortest_estimate+topology_aware+easy_predicted+quota_strict,tenant_t0_bsld_p95,20,75.02738358,52.41437884,97.64038833
s14-quota,shortest_estimate+topology_aware+easy_predicted+quota_strict,tenant_t1_bsld_mean,20,2.963181175,2.0673963,3.858966049
s14-quota,shortest_estimate+topology_aware+easy_predicted+quota_strict,tenant_t1_bsld_p95,20,3.104667092,2.146480087,4.062854097
s14-quota,shortest_estimate+topology_aware+easy_predicted+quota_strict,tenant_t2_bsld_mean,20,2.979893873,1.031149665,4.92863808
s14-quota,shortest_estimate+topology_aware+easy_predicted+quota_strict,tenant_t2_bsld_p95,20,6.652971178,-1.873258948,15.1792013
s14-quota,shortest_estimate+topology_aware+easy_predicted+quota_strict,tenant_t3_bsld_mean,20,2.519281719,1.818845059,3.219718379
s14-quota,shortest_estimate+topology_aware+easy_predicted+quota_strict,tenant_t3_bsld_p95,20,4.274509622,1.482032006,7.066987238
s14-quota,shortest_estimate+topology_aware+easy_predicted+quota_strict,prio_1_wait_p95,20,92809.12955,49070.01424,136548.2449
s14-quota,shortest_estimate+topology_aware+easy_predicted+quota_strict,prio_1_bsld_p95,20,29.40053613,19.08446272,39.71660953
s14-quota,shortest_estimate+topology_aware+easy_predicted+quota_strict,prio_8_wait_p95,20,95188.8219,58844.65117,131532.9926
s14-quota,shortest_estimate+topology_aware+easy_predicted+quota_strict,quota_satisfaction,20,0.7324451892,0.6962237437,0.7686666347
s14-quota,shortest_estimate+topology_aware+easy_predicted+quota_strict,borrowed_gpu_hours,20,0,0,0
s14-quota,shortest_estimate+topology_aware+easy_predicted+quota_strict,jain_weighted_bsld,20,0.4874106568,0.4153546879,0.5594666258
