scenario,policy,baseline,metric,n,diff_mean,diff_ci95_low,diff_ci95_high,win,tie,loss
s14-quota,drf+topology_aware+easy_predicted,fifo+first_fit+none,J,20,-3.218850041,-3.837686555,-2.600013527,20,0,0
s14-quota,drf+topology_aware+easy_predicted,fifo+first_fit+none,J_slowdown,20,-1.59271749,-2.036723638,-1.148711342,20,0,0
s14-quota,drf+topology_aware+easy_predicted,fifo+first_fit+none,J_wait,20,-1.074519516,-1.257096493,-0.8919425385,20,0,0
s14-quota,drf+topology_aware+easy_predicted,fifo+first_fit+none,J_waste,20,-0.01041165696,-0.01344919923,-0.007374114696,20,0,0
s14-quota,drf+topology_aware+easy_predicted,fifo+first_fit+none,J_slo,20,-0.5871849416,-0.6978179688,-0.4765519144,20,0,0
s14-quota,drf+topology_aware+easy_predicted,fifo+first_fit+none,J_fairness,20,0.04598356308,-0.009437008505,0.1014041347,8,0,12
s14-quota,drf+topology_aware+easy_predicted,fifo+first_fit+none,wait_mean,20,-9396.076688,-11987.97429,-6804.179085,20,0,0
s14-quota,drf+topology_aware+easy_predicted,fifo+first_fit+none,wait_p95,20,-13674.3807,-15997.86301,-11350.89839,20,0,0
s14-quota,drf+topology_aware+easy_predicted,fifo+first_fit+none,wait_p99,20,7508.8554,-644.4937716,15662.20457,7,0,13
s14-quota,drf+topology_aware+easy_predicted,fifo+first_fit+none,jct_mean,20,-9404.80685,-11995.81991,-6813.793788,20,0,0
s14-quota,drf+topology_aware+easy_predicted,fifo+first_fit+none,jct_p95,20,-9099.44075,-10959.81627,-7239.06523,20,0,0
s14-quota,drf+topology_aware+easy_predicted,fifo+first_fit+none,bsld_mean,20,-17.15949547,-22.1014922,-12.21749874,20,0,0
s14-quota,drf+topology_aware+easy_predicted,fifo+first_fit+none,bsld_p95,20,-71.40772867,-91.31425368,-51.50120365,20,0,0
s14-quota,drf+topology_aware+easy_predicted,fifo+first_fit+none,bsld_p99,20,-150.1901115,-190.9289109,-109.451312,20,0,0
s14-quota,drf+topology_aware+easy_predicted,fifo+first_fit+none,wflow_mean,20,-17.15949547,-22.1014922,-12.21749874,20,0,0
s14-quota,drf+topology_aware+easy_predicted,fifo+first_fit+none,wflow_sum_all,20,-34249.62341,-43826.63893,-24672.60788,20,0,0
s14-quota,drf+topology_aware+easy_predicted,fifo+first_fit+none,large_wait_mean,20,-5973.496617,-7596.052871,-4350.940363,20,0,0
s14-quota,drf+topology_aware+easy_predicted,fifo+first_fit+none,large_wait_p95,20,7663.02995,-219.8793182,15545.93922,8,0,12
s14-quota,drf+topology_aware+easy_predicted,fifo+first_fit+none,utilization,20,0.04973050133,0.0362057355,0.06325526716,19,0,1
s14-quota,drf+topology_aware+easy_predicted,fifo+first_fit+none,frag_blocked_frac,20,-0.3931660922,-0.4311172594,-0.355214925,20,0,0
s14-quota,drf+topology_aware+easy_predicted,fifo+first_fit+none,stranded_frac,20,-0.04095565234,-0.05910654766,-0.02280475701,15,0,5
s14-quota,drf+topology_aware+easy_predicted,fifo+first_fit+none,goodput_ratio,20,0.01041165696,0.007374114696,0.01344919923,20,0,0
s14-quota,drf+topology_aware+easy_predicted,fifo+first_fit+none,wasted_gpu_hours,20,-51.74426511,-67.24140853,-36.24712169,20,0,0
s14-quota,drf+topology_aware+easy_predicted,fifo+first_fit+none,lost_gpu_hours,20,0,0,0,0,20,0
s14-quota,drf+topology_aware+easy_predicted,fifo+first_fit+none,overhead_gpu_hours,20,0,0,0,0,20,0
s14-quota,drf+topology_aware+easy_predicted,fifo+first_fit+none,topology_gpu_hours,20,-51.7442386,-67.24137914,-36.24709805,20,0,0
s14-quota,drf+topology_aware+easy_predicted,fifo+first_fit+none,slack_gpu_hours,20,-2.651515152e-05,-3.164872633e-05,-2.138157672e-05,19,0,1
s14-quota,drf+topology_aware+easy_predicted,fifo+first_fit+none,preemptions,20,0,0,0,0,20,0
s14-quota,drf+topology_aware+easy_predicted,fifo+first_fit+none,failure_kills,20,0,0,0,0,20,0
s14-quota,drf+topology_aware+easy_predicted,fifo+first_fit+none,node_downtime_gpu_hours,20,0,0,0,0,20,0
s14-quota,drf+topology_aware+easy_predicted,fifo+first_fit+none,jain_bsld,20,-0.04598356308,-0.1014041347,0.009437008505,8,0,12
s14-quota,drf+topology_aware+easy_predicted,fifo+first_fit+none,tenant_worst_best_ratio,20,0.2688257501,-0.2701276672,0.8077791674,9,0,11
s14-quota,drf+topology_aware+easy_predicted,fifo+first_fit+none,slo_attainment,20,0.5871849416,0.4765519144,0.6978179688,20,0,0
s14-quota,drf+topology_aware+easy_predicted,fifo+first_fit+none,makespan,20,-16124.22305,-20027.43696,-12221.00914,20,0,0
s14-quota,drf+topology_aware+easy_predicted,fifo+first_fit+none,reservations,20,220.35,205.3049756,235.3950244,0,0,20
s14-quota,drf+topology_aware+easy_predicted,fifo+first_fit+none,broken_reservations,20,114.6,105.1205114,124.0794886,0,0,20
s14-quota,drf+topology_aware+easy_predicted,fifo+first_fit+none,tenant_t0_bsld_mean,20,-16.7808962,-22.13955825,-11.42223415,20,0,0
s14-quota,drf+topology_aware+easy_predicted,fifo+first_fit+none,tenant_t0_bsld_p95,20,-69.4559185,-92.02921224,-46.88262476,20,0,0
s14-quota,drf+topology_aware+easy_predicted,fifo+first_fit+none,tenant_t1_bsld_mean,20,-16.75163587,-21.39522115,-12.10805059,20,0,0
s14-quota,drf+topology_aware+easy_predicted,fifo+first_fit+none,tenant_t1_bsld_p95,20,-69.86150859,-89.78343798,-49.93957919,20,0,0
s14-quota,drf+topology_aware+easy_predicted,fifo+first_fit+none,tenant_t2_bsld_mean,20,-19.80402445,-27.25201454,-12.35603436,20,0,0
s14-quota,drf+topology_aware+easy_predicted,fifo+first_fit+none,tenant_t2_bsld_p95,20,-75.77520616,-104.0310627,-47.51934965,20,0,0
s14-quota,drf+topology_aware+easy_predicted,fifo+first_fit+none,tenant_t3_bsld_mean,20,-16.46808235,-21.42102201,-11.51514269,20,0,0
s14-quota,drf+topology_aware+easy_predicted,fifo+first_fit+none,tenant_t3_bsld_p95,20,-68.78676523,-93.47319375,-44.10033671,20,0,0
s14-quota,drf+topology_aware+easy_predicted,fifo+first_fit+none,prio_1_wait_p95,20,-5968.2945,-11257.50625,-679.0827479,17,0,3
s14-quota,drf+topology_aware+easy_predicted,fifo+first_fit+none,prio_1_bsld_p95,20,-68.46650205,-88.33644464,-48.59655947,20,0,0
s14-quota,drf+topology_aware+easy_predicted,fifo+first_fit+none,prio_8_wait_p95,20,-17677.63365,-21103.52365,-14251.74365,20,0,0
s14-quota,drf+topology_aware+easy_predicted,fifo+first_fit+none,quota_satisfaction,20,0.293809454,0.2692012888,0.3184176193,0,0,20
s14-quota,drf+topology_aware+easy_predicted,fifo+first_fit+none,borrowed_gpu_hours,20,85.51889279,32.07718741,138.9605982,2,0,18
s14-quota,drf+topology_aware+easy_predicted,fifo+first_fit+none,jain_weighted_bsld,20,-0.04598356308,-0.1014041347,0.009437008505,12,0,8
s14-quota,shortest_estimate+topology_aware+easy_predicted,fifo+first_fit+none,J,20,-3.721392609,-4.541799624,-2.900985595,20,0,0
s14-quota,shortest_estimate+topology_aware+easy_predicted,fifo+first_fit+none,J_slowdown,20,-1.684053578,-2.167135112,-1.200972044,20,0,0
s14-quota,shortest_estimate+topology_aware+easy_predicted,fifo+first_fit+none,J_wait,20,-1.376078185,-1.647748201,-1.104408169,20,0,0
s14-quota,shortest_estimate+topology_aware+easy_predicted,fifo+first_fit+none,J_waste,20,-0.008355566747,-0.01097665033,-0.005734483164,20,0,0
s14-quota,shortest_estimate+topology_aware+easy_predicted,fifo+first_fit+none,J_slo,20,-0.5895316407,-0.7013034922,-0.4777597891,20,0,0
s14-quota,shortest_estimate+topology_aware+easy_predicted,fifo+first_fit+none,J_fairness,20,-0.06337363887,-0.08368913585,-0.0430581419,20,0,0
s14-quota,shortest_estimate+topology_aware+easy_predicted,fifo+first_fit+none,wait_mean,20,-10088.21766,-12987.06292,-7189.372408,20,0,0
s14-quota,shortest_estimate+topology_aware+easy_predicted,fifo+first_fit+none,wait_p95,20,-17512.02905,-20969.31314,-14054.74496,20,0,0
s14-quota,shortest_estimate+topology_aware+easy_predicted,fifo+first_fit+none,wait_p99,20,-11301.22335,-13538.94197,-9063.504726,20,0,0
s14-quota,shortest_estimate+topology_aware+easy_predicted,fifo+first_fit+none,jct_mean,20,-10094.72841,-12992.60594,-7196.850867,20,0,0
s14-quota,shortest_estimate+topology_aware+easy_predicted,fifo+first_fit+none,jct_p95,20,-12754.7259,-15917.23357,-9592.218228,20,0,0
s14-quota,shortest_estimate+topology_aware+easy_predicted,fifo+first_fit+none,bsld_mean,20,-18.09892908,-23.37913024,-12.81872793,20,0,0
s14-quota,shortest_estimate+topology_aware+easy_predicted,fifo+first_fit+none,bsld_p95,20,-75.50268126,-97.16110802,-53.84425451,20,0,0
s14-quota,shortest_estimate+topology_aware+easy_predicted,fifo+first_fit+none,bsld_p99,20,-169.6487312,-217.1463664,-122.1510959,20,0,0
s14-quota,shortest_estimate+topology_aware+easy_predicted,fifo+first_fit+none,wflow_mean,20,-18.09892908,-23.37913024,-12.81872793,20,0,0
s14-quota,shortest_estimate+topology_aware+easy_predicted,fifo+first_fit+none,wflow_sum_all,20,-35911.09103,-46107.84236,-25714.3397,20,0,0
s14-quota,shortest_estimate+topology_aware+easy_predicted,fifo+first_fit+none,large_wait_mean,20,-8920.036094,-11563.07601,-6276.996176,20,0,0
s14-quota,shortest_estimate+topology_aware+easy_predicted,fifo+first_fit+none,large_wait_p95,20,-10523.07275,-12688.02594,-8358.119556,20,0,0
s14-quota,shortest_estimate+topology_aware+easy_predicted,fifo+first_fit+none,utilization,20,0.04039476516,0.02904385416,0.05174567616,19,0,1
s14-quota,shortest_estimate+topology_aware+easy_predicted,fifo+first_fit+none,frag_blocked_frac,20,-0.3968959951,-0.4407484568,-0.3530435335,20,0,0
s14-quota,shortest_estimate+topology_aware+easy_predicted,fifo+first_fit+none,stranded_frac,20,-0.04583226185,-0.05845432841,-0.03321019529,20,0,0
s14-quota,shortest_estimate+topology_aware+easy_predicted,fifo+first_fit+none,goodput_ratio,20,0.008355566747,0.005734483164,0.01097665033,20,0,0
s14-quota,shortest_estimate+topology_aware+easy_predicted,fifo+first_fit+none,wasted_gpu_hours,20,-42.64140622,-56.96696132,-28.31585112,20,0,0
s14-quota,shortest_estimate+topology_aware+easy_predicted,fifo+first_fit+none,lost_gpu_hours,20,0,0,0,0,20,0
s14-quota,shortest_estimate+topology_aware+easy_predicted,fifo+first_fit+none,overhead_gpu_hours,20,0,0,0,0,20,0
s14-quota,shortest_estimate+topology_aware+easy_predicted,fifo+first_fit+none,topology_gpu_hours,20,-42.64138015,-56.96693319,-28.3158271,20,0,0
s14-quota,shortest_estimate+topology_aware+easy_predicted,fifo+first_fit+none,slack_gpu_hours,20,-2.607474748e-05,-3.118837118e-05,-2.096112379e-05,20,0,0
s14-quota,shortest_estimate+topology_aware+easy_predicted,fifo+first_fit+none,preemptions,20,0,0,0,0,20,0
s14-quota,shortest_estimate+topology_aware+easy_predicted,fifo+first_fit+none,failure_kills,20,0,0,0,0,20,0
s14-quota,shortest_estimate+topology_aware+easy_predicted,fifo+first_fit+none,node_downtime_gpu_hours,20,0,0,0,0,20,0
s14-quota,shortest_estimate+topology_aware+easy_predicted,fifo+first_fit+none,jain_bsld,20,0.06337363887,0.0430581419,0.08368913585,20,0,0
s14-quota,shortest_estimate+topology_aware+easy_predicted,fifo+first_fit+none,tenant_worst_best_ratio,20,-0.8675817348,-1.076548939,-0.658614531,20,0,0
s14-quota,shortest_estimate+topology_aware+easy_predicted,fifo+first_fit+none,slo_attainment,20,0.5895316407,0.4777597891,0.7013034922,20,0,0
s14-quota,shortest_estimate+topology_aware+easy_predicted,fifo+first_fit+none,makespan,20,-11134.9613,-15925.16548,-6344.757125,19,0,1
s14-quota,shortest_estimate+topology_aware+easy_predicted,fifo+first_fit+none,reservations,20,264.35,243.6416533,285.0583467,0,0,20
s14-quota,shortest_estimate+topology_aware+easy_predicted,fifo+first_fit+none,broken_reservations,20,130.15,118.0469105,142.2530895,0,0,20
s14-quota,shortest_estimate+topology_aware+easy_predicted,fifo+first_fit+none,tenant_t0_bsld_mean,20,-18.37754842,-24.33372096,-12.42137587,20,0,0
s14-quota,shortest_estimate+topology_aware+easy_predicted,fifo+first_fit+none,tenant_t0_bsld_p95,20,-78.53194299,-104.4320821,-52.63180393,20,0,0
s14-quota,shortest_estimate+topology_aware+easy_predicted,fifo+first_fit+none,tenant_t1_bsld_mean,20,-16.88138084,-21.55016843,-12.21259325,20,0,0
s14-quota,shortest_estimate+topology_aware+easy_predicted,fifo+first_fit+none,tenant_t1_bsld_p95,20,-69.94549496,-89.94619302,-49.9447969,20,0,0
s14-quota,shortest_estimate+topology_aware+easy_predicted,fifo+first_fit+none,tenant_t2_bsld_mean,20,-19.92366736,-27.37419227,-12.47314244,20,0,0
s14-quota,shortest_estimate+topology_aware+easy_predicted,fifo+first_fit+none,tenant_t2_bsld_p95,20,-76.03867787,-104.4793562,-47.59799953,20,0,0
s14-quota,shortest_estimate+topology_aware+easy_predicted,fifo+first_fit+none,tenant_t3_bsld_mean,20,-16.64857073,-21.64331367,-11.65382779,20,0,0
s14-quota,shortest_estimate+topology_aware+easy_predicted,fifo+first_fit+none,tenant_t3_bsld_p95,20,-69.40479306,-94.13427378,-44.67531235,20,0,0
s14-quota,shortest_estimate+topology_aware+easy_predicted,fifo+first_fit+none,prio_1_wait_p95,20,-17565.4571,-21016.36694,-14114.54726,20,0,0
s14-quota,shortest_estimate+topology_aware+easy_predicted,fifo+first_fit+none,prio_1_bsld_p95,20,-77.11386021,-100.174934,-54.05278646,20,0,0
s14-quota,shortest_estimate+topology_aware+easy_predicted,fifo+first_fit+none,prio_8_wait_p95,20,-17371.2951,-20899.20704,-13843.38316,20,0,0
s14-quota,shortest_estimate+topology_aware+easy_predicted,fifo+first_fit+none,quota_satisfaction,20,0.2202739853,0.1870048993,0.2535430714,0,0,20
s14-quota,shortest_estimate+topology_aware+easy_predicted,fifo+first_fit+none,borrowed_gpu_hours,20,111.3280257,58.34191117,164.3141402,4,0,16
s14-quota,shortest_estimate+topology_aware+easy_predicted,fifo+first_fit+none,jain_weighted_bsld,20,0.06337363887,0.0430581419,0.08368913585,0,0,20
s14-quota,shortest_estimate+topology_aware+easy_predicted+quota,fifo+first_fit+none,J,20,-3.679613509,-4.478033014,-2.881194004,20,0,0
s14-quota,shortest_estimate+topology_aware+easy_predicted+quota,fifo+first_fit+none,J_slowdown,20,-1.679007168,-2.159727199,-1.198287136,20,0,0
s14-quota,shortest_estimate+topology_aware+easy_predicted+quota,fifo+first_fit+none,J_wait,20,-1.360353284,-1.6236266,-1.097079968,20,0,0
s14-quota,shortest_estimate+topology_aware+easy_predicted+quota,fifo+first_fit+none,J_waste,20,-0.009569361531,-0.01200287874,-0.007135844319,20,0,0
s14-quota,shortest_estimate+topology_aware+easy_predicted+quota,fifo+first_fit+none,J_slo,20,-0.586878137,-0.6981903323,-0.4755659416,20,0,0
s14-quota,shortest_estimate+topology_aware+easy_predicted+quota,fifo+first_fit+none,J_fairness,20,-0.04380555811,-0.07761615337,-0.00999496286,17,0,3
s14-quota,shortest_estimate+topology_aware+easy_predicted+quota,fifo+first_fit+none,wait_mean,20,-10023.57064,-12903.31549,-7143.825791,20,0,0
s14-quota,shortest_estimate+topology_aware+easy_predicted+quota,fifo+first_fit+none,wait_p95,20,-17311.9133,-20662.34063,-13961.48597,20,0,0
s14-quota,shortest_estimate+topology_aware+easy_predicted+quota,fifo+first_fit+none,wait_p99,20,-8608.88535,-12005.8001,-5211.970601,18,0,2
s14-quota,shortest_estimate+topology_aware+easy_predicted+quota,fifo+first_fit+none,jct_mean,20,-10031.18401,-12910.70604,-7151.661984,20,0,0
s14-quota,shortest_estimate+topology_aware+easy_predicted+quota,fifo+first_fit+none,jct_p95,20,-12448.70875,-15405.45631,-9491.961191,20,0,0
s14-quota,shortest_estimate+topology_aware+easy_predicted+quota,fifo+first_fit+none,bsld_mean,20,-17.95263389,-23.17729161,-12.72797618,20,0,0
s14-quota,shortest_estimate+topology_aware+easy_predicted+quota,fifo+first_fit+none,bsld_p95,20,-75.27643103,-96.82898243,-53.72387962,20,0,0
s14-quota,shortest_estimate+topology_aware+easy_predicted+quota,fifo+first_fit+none,bsld_p99,20,-166.0619273,-212.4669064,-119.6569481,20,0,0
s14-quota,shortest_estimate+topology_aware+easy_predicted+quota,fifo+first_fit+none,wflow_mean,20,-17.95263389,-23.17729161,-12.72797618,20,0,0
s14-quota,shortest_estimate+topology_aware+easy_predicted+quota,fifo+first_fit+none,wflow_sum_all,20,-35645.85758,-45743.50553,-25548.20963,20,0,0
s14-quota,shortest_estimate+topology_aware+easy_predicted+quota,fifo+first_fit+none,large_wait_mean,20,-8610.167271,-11177.1042,-6043.230338,20,0,0
s14-quota,shortest_estimate+topology_aware+easy_predicted+quota,fifo+first_fit+none,large_wait_p95,20,-8010.30175,-10715.82587,-5304.777633,18,0,2
s14-quota,shortest_estimate+topology_aware+easy_predicted+quota,fifo+first_fit+none,utilization,20,0.03643973986,0.02601517737,0.04686430236,19,0,1
s14-quota,shortest_estimate+topology_aware+easy_predicted+quota,fifo+first_fit+none,frag_blocked_frac,20,-0.3771572786,-0.4141833121,-0.3401312451,20,0,0
s14-quota,shortest_estimate+topology_aware+easy_predicted+quota,fifo+first_fit+none,stranded_frac,20,-0.04740295104,-0.05858576707,-0.03622013501,20,0,0
s14-quota,shortest_estimate+topology_aware+easy_predicted+quota,fifo+first_fit+none,goodput_ratio,20,0.009569361531,0.007135844319,0.01200287874,20,0,0
s14-quota,shortest_estimate+topology_aware+easy_predicted+quota,fifo+first_fit+none,wasted_gpu_hours,20,-45.87728711,-56.87153211,-34.88304212,20,0,0
s14-quota,shortest_estimate+topology_aware+easy_predicted+quota,fifo+first_fit+none,lost_gpu_hours,20,0,0,0,0,20,0
s14-quota,shortest_estimate+topology_aware+easy_predicted+quota,fifo+first_fit+none,overhead_gpu_hours,20,0,0,0,0,20,0
s14-quota,shortest_estimate+topology_aware+easy_predicted+quota,fifo+first_fit+none,topology_gpu_hours,20,-45.87725968,-56.8715011,-34.88301827,20,0,0
s14-quota,shortest_estimate+topology_aware+easy_predicted+quota,fifo+first_fit+none,slack_gpu_hours,20,-2.742626264e-05,-3.320852825e-05,-2.164399702e-05,20,0,0
s14-quota,shortest_estimate+topology_aware+easy_predicted+quota,fifo+first_fit+none,preemptions,20,0,0,0,0,20,0
s14-quota,shortest_estimate+topology_aware+easy_predicted+quota,fifo+first_fit+none,failure_kills,20,0,0,0,0,20,0
s14-quota,shortest_estimate+topology_aware+easy_predicted+quota,fifo+first_fit+none,node_downtime_gpu_hours,20,0,0,0,0,20,0
s14-quota,shortest_estimate+topology_aware+easy_predicted+quota,fifo+first_fit+none,jain_bsld,20,0.04380555811,0.00999496286,0.07761615337,17,0,3
s14-quota,shortest_estimate+topology_aware+easy_predicted+quota,fifo+first_fit+none,tenant_worst_best_ratio,20,-0.6027499556,-0.9476191628,-0.2578807484,17,0,3
s14-quota,shortest_estimate+topology_aware+easy_predicted+quota,fifo+first_fit+none,slo_attainment,20,0.586878137,0.4755659416,0.6981903323,20,0,0
s14-quota,shortest_estimate+topology_aware+easy_predicted+quota,fifo+first_fit+none,makespan,20,-11741.6309,-16491.59432,-6991.667482,19,0,1
s14-quota,shortest_estimate+topology_aware+easy_predicted+quota,fifo+first_fit+none,reservations,20,233.7,216.0109323,251.3890677,0,0,20
s14-quota,shortest_estimate+topology_aware+easy_predicted+quota,fifo+first_fit+none,broken_reservations,20,117.65,106.344738,128.955262,0,0,20
s14-quota,shortest_estimate+topology_aware+easy_predicted+quota,fifo+first_fit+none,tenant_t0_bsld_mean,20,-18.16900384,-24.06493521,-12.27307246,20,0,0
s14-quota,shortest_estimate+topology_aware+easy_predicted+quota,fifo+first_fit+none,tenant_t0_bsld_p95,20,-77.82002947,-103.4590207,-52.18103827,20,0,0
s14-quota,shortest_estimate+topology_aware+easy_predicted+quota,fifo+first_fit+none,tenant_t1_bsld_mean,20,-16.85059641,-21.50743675,-12.19375607,20,0,0
s14-quota,shortest_estimate+topology_aware+easy_predicted+quota,fifo+first_fit+none,tenant_t1_bsld_p95,20,-70.28005384,-90.36506099,-50.1950467,20,0,0
s14-quota,shortest_estimate+topology_aware+easy_predicted+quota,fifo+first_fit+none,tenant_t2_bsld_mean,20,-19.76417671,-27.07904681,-12.4493066,20,0,0
s14-quota,shortest_estimate+topology_aware+easy_predicted+quota,fifo+first_fit+none,tenant_t2_bsld_p95,20,-76.41391717,-104.8796893,-47.94814501,20,0,0
s14-quota,shortest_estimate+topology_aware+easy_predicted+quota,fifo+first_fit+none,tenant_t3_bsld_mean,20,-16.62088205,-21.62155296,-11.62021113,20,0,0
s14-quota,shortest_estimate+topology_aware+easy_predicted+quota,fifo+first_fit+none,tenant_t3_bsld_p95,20,-69.8098907,-94.71103741,-44.90874398,20,0,0
s14-quota,shortest_estimate+topology_aware+easy_predicted+quota,fifo+first_fit+none,prio_1_wait_p95,20,-17282.2308,-20662.48115,-13901.98045,20,0,0
s14-quota,shortest_estimate+topology_aware+easy_predicted+quota,fifo+first_fit+none,prio_1_bsld_p95,20,-76.88727117,-99.85726183,-53.91728052,20,0,0
s14-quota,shortest_estimate+topology_aware+easy_predicted+quota,fifo+first_fit+none,prio_8_wait_p95,20,-16940.44045,-20157.63023,-13723.25067,20,0,0
s14-quota,shortest_estimate+topology_aware+easy_predicted+quota,fifo+first_fit+none,quota_satisfaction,20,0.2579723079,0.2264643433,0.2894802724,0,0,20
s14-quota,shortest_estimate+topology_aware+easy_predicted+quota,fifo+first_fit+none,borrowed_gpu_hours,20,43.71339368,-22.76109683,110.1878842,9,0,11
s14-quota,shortest_estimate+topology_aware+easy_predicted+quota,fifo+first_fit+none,jain_weighted_bsld,20,0.04380555811,0.00999496286,0.07761615337,3,0,17
s14-quota,shortest_estimate+topology_aware+easy_predicted+quota+reclaim,fifo+first_fit+none,J,20,-3.745417635,-4.567702228,-2.923133041,20,0,0
s14-quota,shortest_estimate+topology_aware+easy_predicted+quota+reclaim,fifo+first_fit+none,J_slowdown,20,-1.686998005,-2.169518278,-1.204477731,20,0,0
s14-quota,shortest_estimate+topology_aware+easy_predicted+quota+reclaim,fifo+first_fit+none,J_wait,20,-1.410156514,-1.683038901,-1.137274126,20,0,0
s14-quota,shortest_estimate+topology_aware+easy_predicted+quota+reclaim,fifo+first_fit+none,J_waste,20,-0.0008791082081,-0.003030363038,0.001272146622,11,0,9
s14-quota,shortest_estimate+topology_aware+easy_predicted+quota+reclaim,fifo+first_fit+none,J_slo,20,-0.5925910522,-0.7060149054,-0.4791671991,20,0,0
s14-quota,shortest_estimate+topology_aware+easy_predicted+quota+reclaim,fifo+first_fit+none,J_fairness,20,-0.05479295615,-0.07612972206,-0.03345619025,19,0,1
s14-quota,shortest_estimate+topology_aware+easy_predicted+quota+reclaim,fifo+first_fit+none,wait_mean,20,-10149.72499,-13065.83843,-7233.611548,20,0,0
s14-quota,shortest_estimate+topology_aware+easy_predicted+quota+reclaim,fifo+first_fit+none,wait_p95,20,-17945.7113,-21418.42408,-14472.99852,20,0,0
s14-quota,shortest_estimate+topology_aware+easy_predicted+quota+reclaim,fifo+first_fit+none,wait_p99,20,-12034.71975,-15331.201,-8738.2385,19,0,1
s14-quota,shortest_estimate+topology_aware+easy_predicted+quota+reclaim,fifo+first_fit+none,jct_mean,20,-10064.20002,-12966.58543,-7161.814618,20,0,0
s14-quota,shortest_estimate+topology_aware+easy_predicted+quota+reclaim,fifo+first_fit+none,jct_p95,20,-12720.04215,-15828.18507,-9611.899226,20,0,0
s14-quota,shortest_estimate+topology_aware+easy_predicted+quota+reclaim,fifo+first_fit+none,bsld_mean,20,-18.06810033,-23.33453131,-12.80166934,20,0,0
s14-quota,shortest_estimate+topology_aware+easy_predicted+quota+reclaim,fifo+first_fit+none,bsld_p95,20,-75.63469137,-97.26795464,-54.0014281,20,0,0
s14-quota,shortest_estimate+topology_aware+easy_predicted+quota+reclaim,fifo+first_fit+none,bsld_p99,20,-168.399398,-215.2963881,-121.5024079,20,0,0
s14-quota,shortest_estimate+topology_aware+easy_predicted+quota+reclaim,fifo+first_fit+none,wflow_mean,20,-18.06810033,-23.33453131,-12.80166934,20,0,0
s14-quota,shortest_estimate+topology_aware+easy_predicted+quota+reclaim,fifo+first_fit+none,wflow_sum_all,20,-35856.17459,-46029.1547,-25683.19448,20,0,0
s14-quota,shortest_estimate+topology_aware+easy_predicted+quota+reclaim,fifo+first_fit+none,large_wait_mean,20,-9161.714903,-11876.6179,-6446.811909,20,0,0
s14-quota,shortest_estimate+topology_aware+easy_predicted+quota+reclaim,fifo+first_fit+none,large_wait_p95,20,-11114.33475,-14065.14611,-8163.523388,19,0,1
s14-quota,shortest_estimate+topology_aware+easy_predicted+quota+reclaim,fifo+first_fit+none,utilization,20,0.0418468266,0.03166532716,0.05202832604,19,0,1
s14-quota,shortest_estimate+topology_aware+easy_predicted+quota+reclaim,fifo+first_fit+none,frag_blocked_frac,20,-0.4263733469,-0.4674085209,-0.3853381729,20,0,0
s14-quota,shortest_estimate+topology_aware+easy_predicted+quota+reclaim,fifo+first_fit+none,stranded_frac,20,-0.05346970201,-0.06247400637,-0.04446539766,20,0,0
s14-quota,shortest_estimate+topology_aware+easy_predicted+quota+reclaim,fifo+first_fit+none,goodput_ratio,20,0.0008791082081,-0.001272146622,0.003030363038,11,0,9
s14-quota,shortest_estimate+topology_aware+easy_predicted+quota+reclaim,fifo+first_fit+none,wasted_gpu_hours,20,-8.047118667,-20.05801921,3.963781875,11,0,9
s14-quota,shortest_estimate+topology_aware+easy_predicted+quota+reclaim,fifo+first_fit+none,lost_gpu_hours,20,10.39621077,8.091277052,12.70114449,0,0,20
s14-quota,shortest_estimate+topology_aware+easy_predicted+quota+reclaim,fifo+first_fit+none,overhead_gpu_hours,20,21.10653158,18.64265878,23.57040438,0,0,20
s14-quota,shortest_estimate+topology_aware+easy_predicted+quota+reclaim,fifo+first_fit+none,topology_gpu_hours,20,-39.54983689,-51.40677085,-27.69290294,20,0,0
s14-quota,shortest_estimate+topology_aware+easy_predicted+quota+reclaim,fifo+first_fit+none,slack_gpu_hours,20,-2.412727274e-05,-2.83306245e-05,-1.992392097e-05,20,0,0
s14-quota,shortest_estimate+topology_aware+easy_predicted+quota+reclaim,fifo+first_fit+none,preemptions,20,131.25,113.5513058,148.9486942,0,0,20
s14-quota,shortest_estimate+topology_aware+easy_predicted+quota+reclaim,fifo+first_fit+none,failure_kills,20,0,0,0,0,20,0
s14-quota,shortest_estimate+topology_aware+easy_predicted+quota+reclaim,fifo+first_fit+none,node_downtime_gpu_hours,20,0,0,0,0,20,0
s14-quota,shortest_estimate+topology_aware+easy_predicted+quota+reclaim,fifo+first_fit+none,jain_bsld,20,0.05479295615,0.03345619025,0.07612972206,19,0,1
s14-quota,shortest_estimate+topology_aware+easy_predicted+quota+reclaim,fifo+first_fit+none,tenant_worst_best_ratio,20,-0.710247044,-0.9317925116,-0.4887015763,19,0,1
s14-quota,shortest_estimate+topology_aware+easy_predicted+quota+reclaim,fifo+first_fit+none,slo_attainment,20,0.5925910522,0.4791671991,0.7060149054,20,0,0
s14-quota,shortest_estimate+topology_aware+easy_predicted+quota+reclaim,fifo+first_fit+none,makespan,20,-10381.7673,-15121.54215,-5641.99245,18,0,2
s14-quota,shortest_estimate+topology_aware+easy_predicted+quota+reclaim,fifo+first_fit+none,reservations,20,221.1,202.3450316,239.8549684,0,0,20
s14-quota,shortest_estimate+topology_aware+easy_predicted+quota+reclaim,fifo+first_fit+none,broken_reservations,20,115.1,103.0430761,127.1569239,0,0,20
s14-quota,shortest_estimate+topology_aware+easy_predicted+quota+reclaim,fifo+first_fit+none,tenant_t0_bsld_mean,20,-18.25717371,-24.17846018,-12.33588724,20,0,0
s14-quota,shortest_estimate+topology_aware+easy_predicted+quota+reclaim,fifo+first_fit+none,tenant_t0_bsld_p95,20,-78.11617797,-103.8456583,-52.38669761,20,0,0
s14-quota,shortest_estimate+topology_aware+easy_predicted+quota+reclaim,fifo+first_fit+none,tenant_t1_bsld_mean,20,-16.95407532,-21.63539228,-12.27275836,20,0,0
s14-quota,shortest_estimate+topology_aware+easy_predicted+quota+reclaim,fifo+first_fit+none,tenant_t1_bsld_p95,20,-70.76793818,-90.92714591,-50.60873044,20,0,0
s14-quota,shortest_estimate+topology_aware+easy_predicted+quota+reclaim,fifo+first_fit+none,tenant_t2_bsld_mean,20,-20.02768742,-27.50862279,-12.54675206,20,0,0
s14-quota,shortest_estimate+topology_aware+easy_predicted+quota+reclaim,fifo+first_fit+none,tenant_t2_bsld_p95,20,-76.92802385,-105.4635057,-48.392542,20,0,0
s14-quota,shortest_estimate+topology_aware+easy_predicted+quota+reclaim,fifo+first_fit+none,tenant_t3_bsld_mean,20,-16.70256113,-21.71559096,-11.6895313,20,0,0
s14-quota,shortest_estimate+topology_aware+easy_predicted+quota+reclaim,fifo+first_fit+none,tenant_t3_bsld_p95,20,-70.21619377,-95.1370294,-45.29535814,20,0,0
s14-quota,shortest_estimate+topology_aware+easy_predicted+quota+reclaim,fifo+first_fit+none,prio_1_wait_p95,20,-17931.591,-21387.56936,-14475.61264,20,0,0
s14-quota,shortest_estimate+topology_aware+easy_predicted+quota+reclaim,fifo+first_fit+none,prio_1_bsld_p95,20,-77.24435946,-100.2709829,-54.21773599,20,0,0
s14-quota,shortest_estimate+topology_aware+easy_predicted+quota+reclaim,fifo+first_fit+none,prio_8_wait_p95,20,-17396.28225,-20666.42899,-14126.13551,20,0,0
s14-quota,shortest_estimate+topology_aware+easy_predicted+quota+reclaim,fifo+first_fit+none,quota_satisfaction,20,0.2926599476,0.2529637267,0.3323561686,0,0,20
s14-quota,shortest_estimate+topology_aware+easy_predicted+quota+reclaim,fifo+first_fit+none,borrowed_gpu_hours,20,49.8659801,-18.49703584,118.228996,10,0,10
s14-quota,shortest_estimate+topology_aware+easy_predicted+quota+reclaim,fifo+first_fit+none,jain_weighted_bsld,20,0.05479295615,0.03345619025,0.07612972206,1,0,19
s14-quota,shortest_estimate+topology_aware+easy_predicted+quota_strict,fifo+first_fit+none,J,20,4.759419823,1.384691783,8.134147863,6,0,14
s14-quota,shortest_estimate+topology_aware+easy_predicted+quota_strict,fifo+first_fit+none,J_slowdown,20,-1.071941319,-1.621911454,-0.521971185,19,0,1
s14-quota,shortest_estimate+topology_aware+easy_predicted+quota_strict,fifo+first_fit+none,J_wait,20,5.942522381,2.93074073,8.954304032,3,0,17
s14-quota,shortest_estimate+topology_aware+easy_predicted+quota_strict,fifo+first_fit+none,J_waste,20,-0.04738938297,-0.05162511095,-0.04315365499,20,0,0
s14-quota,shortest_estimate+topology_aware+easy_predicted+quota_strict,fifo+first_fit+none,J_slo,20,-0.5107033772,-0.625085931,-0.3963208235,20,0,0
s14-quota,shortest_estimate+topology_aware+easy_predicted+quota_strict,fifo+first_fit+none,J_fairness,20,0.4469315212,0.3677569797,0.5261060627,1,0,19
s14-quota,shortest_estimate+topology_aware+easy_predicted+quota_strict,fifo+first_fit+none,wait_mean,20,1449.927391,-3239.094102,6138.948885,8,0,12
s14-quota,shortest_estimate+topology_aware+easy_predicted+quota_strict,fifo+first_fit+none,wait_p95,20,75624.7906,37296.73021,113952.851,3,0,17
s14-quota,shortest_estimate+topology_aware+easy_predicted+quota_strict,fifo+first_fit+none,wait_p99,20,232055.7351,168464.4658,295647.0043,0,0,20
s14-quota,shortest_estimate+topology_aware+easy_predicted+quota_strict,fifo+first_fit+none,jct_mean,20,1421.157069,-3267.5664,6109.880538,8,0,12
s14-quota,shortest_estimate+topology_aware+easy_predicted+quota_strict,fifo+first_fit+none,jct_p95,20,78001.05745,40082.45497,115919.6599,1,0,19
s14-quota,shortest_estimate+topology_aware+easy_predicted+quota_strict,fifo+first_fit+none,bsld_mean,20,-6.032651651,-11.7607073,-0.3045960045,14,0,6
s14-quota,shortest_estimate+topology_aware+easy_predicted+quota_strict,fifo+first_fit+none,bsld_p95,20,-48.05930454,-72.71660779,-23.40200129,19,0,1
s14-quota,shortest_estimate+topology_aware+easy_predicted+quota_strict,fifo+first_fit+none,bsld_p99,20,135.0482848,54.58006296,215.5165067,3,0,17
s14-quota,shortest_estimate+topology_aware+easy_predicted+quota_strict,fifo+first_fit+none,wflow_mean,20,-6.032651651,-11.7607073,-0.3045960045,14,0,6
s14-quota,shortest_estimate+topology_aware+easy_predicted+quota_strict,fifo+first_fit+none,wflow_sum_all,20,-12671.71701,-23451.88446,-1891.549557,14,0,6
s14-quota,shortest_estimate+topology_aware+easy_predicted+quota_strict,fifo+first_fit+none,large_wait_mean,20,42094.03486,25157.30614,59030.76357,0,0,20
s14-quota,shortest_estimate+topology_aware+easy_predicted+quota_strict,fifo+first_fit+none,large_wait_p95,20,229777.3831,166864.2235,292690.5426,0,0,20
s14-quota,shortest_estimate+topology_aware+easy_predicted+quota_strict,fifo+first_fit+none,utilization,20,-0.2435226534,-0.2818493477,-0.2051959592,0,0,20
s14-quota,shortest_estimate+topology_aware+easy_predicted+quota_strict,fifo+first_fit+none,frag_blocked_frac,20,-0.6338413774,-0.6957287848,-0.57195397,20,0,0
s14-quota,shortest_estimate+topology_aware+easy_predicted+quota_strict,fifo+first_fit+none,stranded_frac,20,-0.1667364185,-0.1795801978,-0.1538926392,20,0,0
s14-quota,shortest_estimate+topology_aware+easy_predicted+quota_strict,fifo+first_fit+none,goodput_ratio,20,0.04738938297,0.04315365499,0.05162511095,20,0,0
s14-quota,shortest_estimate+topology_aware+easy_predicted+quota_strict,fifo+first_fit+none,wasted_gpu_hours,20,-233.269702,-264.1564729,-202.3829311,20,0,0
s14-quota,shortest_estimate+topology_aware+easy_predicted+quota_strict,fifo+first_fit+none,lost_gpu_hours,20,0,0,0,0,20,0
s14-quota,shortest_estimate+topology_aware+easy_predicted+quota_strict,fifo+first_fit+none,overhead_gpu_hours,20,0,0,0,0,20,0
s14-quota,shortest_estimate+topology_aware+easy_predicted+quota_strict,fifo+first_fit+none,topology_gpu_hours,20,-233.2695889,-264.1563592,-202.3828187,20,0,0
s14-quota,shortest_estimate+topology_aware+easy_predicted+quota_strict,fifo+first_fit+none,slack_gpu_hours,20,-0.0001130666667,-0.0001185553032,-0.0001075780302,20,0,0
s14-quota,shortest_estimate+topology_aware+easy_predicted+quota_strict,fifo+first_fit+none,preemptions,20,0,0,0,0,20,0
s14-quota,shortest_estimate+topology_aware+easy_predicted+quota_strict,fifo+first_fit+none,failure_kills,20,0,0,0,0,20,0
s14-quota,shortest_estimate+topology_aware+easy_predicted+quota_strict,fifo+first_fit+none,node_downtime_gpu_hours,20,0,0,0,0,20,0
s14-quota,shortest_estimate+topology_aware+easy_predicted+quota_strict,fifo+first_fit+none,jain_bsld,20,-0.4469315212,-0.5261060627,-0.3677569797,1,0,19
s14-quota,shortest_estimate+topology_aware+easy_predicted+quota_strict,fifo+first_fit+none,tenant_worst_best_ratio,20,13.83260274,9.114900091,18.55030539,1,0,19
s14-quota,shortest_estimate+topology_aware+easy_predicted+quota_strict,fifo+first_fit+none,slo_attainment,20,0.5107033772,0.3963208235,0.625085931,20,0,0
s14-quota,shortest_estimate+topology_aware+easy_predicted+quota_strict,fifo+first_fit+none,makespan,20,176284.6627,112432.4334,240136.892,0,0,20
s14-quota,shortest_estimate+topology_aware+easy_predicted+quota_strict,fifo+first_fit+none,reservations,20,1.5,0.4645624858,2.535437514,0,7,13
s14-quota,shortest_estimate+topology_aware+easy_predicted+quota_strict,fifo+first_fit+none,broken_reservations,20,0.7,0.07209278368,1.327907216,0,11,9
s14-quota,shortest_estimate+topology_aware+easy_predicted+quota_strict,fifo+first_fit+none,tenant_t0_bsld_mean,20,2.25887645,-5.731704433,10.24945733,8,0,12
s14-quota,shortest_estimate+topology_aware+easy_predicted+quota_strict,fifo+first_fit+none,tenant_t0_bsld_p95,20,-5.909338802,-40.02961821,28.21094061,9,0,11
s14-quota,shortest_estimate+topology_aware+easy_predicted+quota_strict,fifo+first_fit+none,tenant_t1_bsld_mean,20,-15.16663232,-19.78519094,-10.5480737,20,0,0
s14-quota,shortest_estimate+topology_aware+easy_predicted+quota_strict,fifo+first_fit+none,tenant_t1_bsld_p95,20,-69.22023481,-89.5975684,-48.84290122,20,0,0
s14-quota,shortest_estimate+topology_aware+easy_predicted+quota_strict,fifo+first_fit+none,tenant_t2_bsld_mean,20,-18.18621386,-26.21810043,-10.15432729,19,0,1
s14-quota,shortest_estimate+topology_aware+easy_predicted+quota_strict,fifo+first_fit+none,tenant_t2_bsld_p95,20,-71.75460558,-102.2323601,-41.27685109,19,0,1
s14-quota,shortest_estimate+topology_aware+easy_predicted+quota_strict,fifo+first_fit+none,tenant_t3_bsld_mean,20,-15.36566954,-20.45434038,-10.27699871,20,0,0
s14-quota,shortest_estimate+topology_aware+easy_predicted+quota_strict,fifo+first_fit+none,tenant_t3_bsld_p95,20,-67.52563742,-92.615805,-42.43546984,20,0,0
s14-quota,shortest_estimate+topology_aware+easy_predicted+quota_strict,fifo+first_fit+none,prio_1_wait_p95,20,73519.9562,29957.07706,117082.8353,4,0,16
s14-quota,shortest_estimate+topology_aware+easy_predicted+quota_strict,fifo+first_fit+none,prio_1_bsld_p95,20,-50.08520464,-76.4970568,-23.67335248,17,0,3
s14-quota,shortest_estimate+topology_aware+easy_predicted+quota_strict,fifo+first_fit+none,prio_8_wait_p95,20,76016.0989,40460.60808,111571.5897,4,0,16
s14-quota,shortest_estimate+topology_aware+easy_predicted+quota_strict,fifo+first_fit+none,quota_satisfaction,20,0.1121946348,0.05613441266,0.1682548569,4,0,16
s14-quota,shortest_estimate+topology_aware+easy_predicted+quota_strict,fifo+first_fit+none,borrowed_gpu_hours,20,-1512.254311,-1896.311781,-1128.19684,20,0,0
s14-quota,shortest_estimate+topology_aware+easy_predicted+quota_strict,fifo+first_fit+none,jain_weighted_bsld,20,-0.4469315212,-0.5261060627,-0.3677569797,19,0,1
