scenario,policy,seed,J,J_slowdown,J_wait,J_waste,J_slo,J_fairness,jobs,window_jobs,infeasible_jobs,wait_mean,wait_p50,wait_p95,wait_p99,jct_mean,jct_p50,jct_p95,jct_p99,bsld_mean,bsld_p50,bsld_p95,bsld_p99,wflow_mean,wflow_sum_all,large_jobs,large_wait_mean,large_wait_p95,utilization,frag_blocked_frac,stranded_frac,goodput_ratio,wasted_gpu_hours,lost_gpu_hours,overhead_gpu_hours,topology_gpu_hours,slack_gpu_hours,grace_gpu_hours,preemptions,failure_kills,node_downtime_gpu_hours,jain_bsld,tenant_worst_best_ratio,slo_attainment,slo_violation_rate,slo_jobs,makespan,reservations,broken_reservations,invocations,tenant_t0_jobs,tenant_t0_wait_mean,tenant_t0_wait_p50,tenant_t0_wait_p95,tenant_t0_wait_p99,tenant_t0_jct_mean,tenant_t0_jct_p50,tenant_t0_jct_p95,tenant_t0_jct_p99,tenant_t0_bsld_mean,tenant_t0_bsld_p50,tenant_t0_bsld_p95,tenant_t0_bsld_p99,tenant_t1_jobs,tenant_t1_wait_mean,tenant_t1_wait_p50,tenant_t1_wait_p95,tenant_t1_wait_p99,tenant_t1_jct_mean,tenant_t1_jct_p50,tenant_t1_jct_p95,tenant_t1_jct_p99,tenant_t1_bsld_mean,tenant_t1_bsld_p50,tenant_t1_bsld_p95,tenant_t1_bsld_p99,tenant_t2_jobs,tenant_t2_wait_mean,tenant_t2_wait_p50,tenant_t2_wait_p95,tenant_t2_wait_p99,tenant_t2_jct_mean,tenant_t2_jct_p50,tenant_t2_jct_p95,tenant_t2_jct_p99,tenant_t2_bsld_mean,tenant_t2_bsld_p50,tenant_t2_bsld_p95,tenant_t2_bsld_p99,tenant_t3_jobs,tenant_t3_wait_mean,tenant_t3_wait_p50,tenant_t3_wait_p95,tenant_t3_wait_p99,tenant_t3_jct_mean,tenant_t3_jct_p50,tenant_t3_jct_p95,tenant_t3_jct_p99,tenant_t3_bsld_mean,tenant_t3_bsld_p50,tenant_t3_bsld_p95,tenant_t3_bsld_p99,prio_1_jobs,prio_1_wait_mean,prio_1_wait_p50,prio_1_wait_p95,prio_1_wait_p99,prio_1_jct_mean,prio_1_jct_p50,prio_1_jct_p95,prio_1_jct_p99,prio_1_bsld_mean,prio_1_bsld_p50,prio_1_bsld_p95,prio_1_bsld_p99,prio_4_jobs,prio_4_wait_mean,prio_4_wait_p50,prio_4_wait_p95,prio_4_wait_p99,prio_4_jct_mean,prio_4_jct_p50,prio_4_jct_p95,prio_4_jct_p99,prio_4_bsld_mean,prio_4_bsld_p50,prio_4_bsld_p95,prio_4_bsld_p99,prio_8_jobs,prio_8_wait_mean,prio_8_wait_p50,prio_8_wait_p95,prio_8_wait_p99,prio_8_jct_mean,prio_8_jct_p50,prio_8_jct_p95,prio_8_jct_p99,prio_8_bsld_mean,prio_8_bsld_p50,prio_8_bsld_p95,prio_8_bsld_p99,solver_capped
s9-online,fifo+first_fit+none,1,0.5159835634,0.1272141358,0.1581154575,0.02069814952,0.08333333333,0.1266224872,200,160,0,2010.268063,1400.089,6095.228,7063.739,5242.546838,3534.795,12330.117,30555.414,4.096827883,1.432315274,17.26986137,32.50183911,4.096827883,863.4618429,27,2696.974444,7063.739,0.5694543165,0.2106098369,0.1168904012,0.9793018505,9.046404444,0,0,9.046403556,8.888888909e-07,0,0,0,0,0.8733775128,2.950386723,0.9166666667,0.08333333333,84,148619.731,0,0,301,57,1853.465263,601.357,6623.304,7063.739,4296.746158,3099.701,11157.288,13999.624,3.105645027,1.071831035,9.166413453,17.17021117,45,2165.8102,1605.622,5709.433,6537.95,4014.978756,3253.296,7754.826,19341.077,5.95473446,2.16656648,26.76413213,36.69075653,43,2167.925767,1527.73,6095.228,7389.668,7692.853953,4028.991,24976.519,91719.373,4.191472138,1.610416982,17.26986137,32.50183911,15,1687.5402,1106.6,5553.071,5553.071,5495.079933,3666.306,28847.051,28847.051,2.018289471,1.265679013,5.475652075,5.475652075,76,1986.329658,1220.344,5884.031,7389.668,4531.08825,3253.296,12330.117,30555.414,3.963487881,1.359907836,17.17021117,36.69075653,66,2179.565439,1639.534,6467.639,7063.739,5047.735727,3847.087,12058.333,28847.051,4.086707712,1.610416982,18.31048076,31.88498585,18,1490.584278,0,5319.373,5319.373,8960.7905,2888.795,91719.373,91719.373,4.696926293,1,32.50183911,32.50183911,
s9-online,fifo+first_fit+none,2,1.394123862,0.3024599374,0.5434899715,0.04363102598,0.4936708861,0.0108720415,200,160,0,7289.977537,5727.026,20951.116,22695.698,10373.49195,7685.124,24344.595,34384.736,11.25494704,4.930162238,41.06022616,126.2237701,11.25494704,2400.859739,39,7433.940872,22393.476,0.8093885763,0.2029000544,0.2693960125,0.956368974,24.41401778,0,0,24.41400594,1.183838383e-05,0,0,0,0,0.9891279585,1.3218257,0.5063291139,0.4936708861,79,109059.909,0,0,366,60,6210.729533,5269.519,17222.526,17810.098,10892.60927,7539.056,25978.126,56878.115,10.92283778,3.749030804,42.1475957,126.2237701,51,7966.968667,6668.339,22165.726,22827.938,10154.6138,7947.798,23170.976,29993.805,12.04707124,5.135169179,32.374903,187.8318274,37,7727.80227,5727.026,21551.774,22662.46,9377.750486,7053.762,24073.169,25271.617,10.04543049,5.18194928,35.17827996,64.63478052,12,8459.045667,4561.319,22695.698,22695.698,11778.34033,7798.979,28838.708,28838.708,13.2783082,4.404383518,60.587286,60.587286,81,6616.475136,4930.161,18474.235,22827.938,9151.652877,7142.12,21165.617,29993.805,9.088921843,5.086378127,35.12197063,57.63027542,66,7656.834,6182.838,21630.536,22662.46,11731.59306,8349.169,25978.126,56878.115,8.073895467,4.225270762,32.374903,64.63478052,13,9623.913538,7007.322,22695.698,22695.698,11091.51438,8527.06,28838.708,28838.708,40.90090436,9.310991158,187.8318274,187.8318274,
s9-online,fifo+first_fit+none,3,2.67415263,0.7235436793,0.9265709762,0.04786877666,0.9726027397,0.003566458556,200,160,0,17136.39384,11282.737,35718.591,38866.052,19925.58643,13756.481,39877.409,44256.87,26.72558128,10.91837678,98.22413958,258.9911863,26.72558128,5505.630936,34,16532.13544,35718.591,0.762731214,0.2051559358,0.2302568567,0.9521312233,31.09234667,0,0,31.09234222,4.444444453e-06,0,0,0,0,0.9964335414,1.168081284,0.02739726027,0.9726027397,73,113776.581,0,0,382,60,19507.73427,12522.091,35413.418,38866.052,23530.11773,19465.044,39877.409,44012.094,27.39649874,7.705719259,110.2942785,258.9911863,56,16124.29029,10758.002,37835.231,38312.521,17928.93502,11581.521,39886.402,42201.643,25.5930081,15.46605938,82.31779966,248.9427169,31,15368.55358,11031.459,38558.325,39288.005,17917.69313,13353.774,44256.87,47148.818,28.46220682,11.36234695,85.93900634,350.4730949,13,14767.19554,11579.987,33895.599,33895.599,16678.30131,13141.422,35325.73,35325.73,24.36663201,19.13152217,123.5944678,123.5944678,87,17421.4104,11579.987,34723.177,38558.325,19972.32679,13814.508,39041.849,44256.87,24.99489191,13.55006053,98.22413958,214.4976928,60,16570.93765,10877.143,38010.186,39288.005,19555.13113,13657.748,41769.565,47148.818,27.39446268,9.793640291,82.31779966,350.4730949,13,17838.77315,11668.207,38300.48,38300.48,21322.57923,14507.49,44012.094,44012.094,35.22074221,7.705719259,258.9911863,258.9911863,
s9-online,fifo+first_fit+none,4,1.685353354,0.4553108634,0.4181823349,0.04954854303,0.5569620253,0.2053495874,200,160,0,7676.018919,7312.633,16120.604,20296.982,9990.572031,9421.006,18365.013,22521.679,16.29136992,5.187893642,61.8103911,158.5902833,16.29136992,3135.267436,42,9423.899381,19850.408,0.8128545278,0.2340836534,0.3083072707,0.950451457,24.94582222,0,0,24.9458101,1.212121213e-05,0,0,0,0,0.7946504126,3.596845215,0.4430379747,0.5569620253,79,100871.295,0,0,381,61,7772.34259,8020.642,15882.311,20296.982,9579.671459,8949.952,18204.851,22521.679,26.63375507,7.176666394,81.67626207,339.2830333,49,7193.71398,7124.516,13920.452,19820.274,10477.34071,10406.823,17117.578,21618.317,9.068943355,3.539939978,45.96811611,58.83914874,32,7465.364469,7190.909,14253.67,20344.671,9677.380406,8288.249,18211.295,22332.965,7.404754298,5.211341932,20.3492318,37.44225597,18,9037.026722,7807.692,20164.806,20164.806,10614.761,9418.075,23770.873,23770.873,16.70165369,6.063278973,75.52146064,75.52146064,81,7842.881444,7760.825,16831.375,20344.671,10067.41331,9515.417,18365.013,23770.873,18.20400355,5.621492677,63.51369581,339.2830333,64,7388.375625,6730.315,15030.958,20164.806,9849.739531,9160.319,18211.295,21618.317,13.43139723,4.760012367,51.67269885,81.67626207,15,8002.239333,6225.482,19418.057,19418.057,10176.51447,8472.047,19678.627,19678.627,18.16569848,5.299132916,75.52146064,75.52146064,
s9-online,fifo+first_fit+none,5,1.713567283,0.2868395931,0.3747826013,0.009105797636,0.8666666667,0.176172624,200,160,0,10201.334,11043.501,14447.578,15252.585,12574.83952,12711.433,17541.548,25066.175,14.06058492,7.711659988,38.93969782,165.1296,14.06058492,2534.252847,37,11140.59257,15240.993,0.7470993711,0.4713885535,0.2972081454,0.9908942024,3.518193333,0,0,3.518190747,2.585858587e-06,0,0,0,0,0.823827376,3.002029636,0.1333333333,0.8666666667,90,86749.344,0,0,382,61,10014.98682,10955.623,14988.518,15563.165,12334.65861,12705.523,22207.54,25909.351,12.49193958,9.218080022,35.74950296,68.77852891,49,10359.15731,11162.935,14458.399,14719.917,12609.13431,12909.412,16241.866,21841.507,13.56535349,10.16114998,36.64492954,58.55903361,32,9579.325312,9326.033,14071.58,14830.464,12422.24697,11539.181,19090.934,21149.982,9.565505711,6.159984182,38.93969782,47.8699677,18,11509.007,11535.712,14442.056,14442.056,13566.70356,13706.021,16593.842,16593.842,28.71593163,7.113138525,197.8209,197.8209,70,9796.201014,10595.414,14618.832,15563.165,12488.63931,12908.182,17230.67,25066.175,13.23264553,6.152493373,38.93969782,197.8209,64,10493.32675,11128.36,14458.399,15252.585,12233.90117,12574.446,16942.264,19090.934,15.97267664,8.871402955,48.17314631,165.1296,26,10573.32527,10926.714,14071.58,14273.924,13646.14985,12314.544,23196.403,25909.351,11.58296521,7.45795513,38.13376418,38.22266363,
s9-online,fifo+first_fit+none,6,2.175814443,0.6095159702,0.7585712208,0.02378982001,0.6447368421,0.1392005902,200,160,0,10967.54728,8333.241,29242.331,31944.534,13413.18092,11990.206,31624.957,40611.71,20.67523838,6.71820386,82.74439186,241.5611509,20.67523838,4678.742854,36,13798.16306,31944.534,0.6367967258,0.5113872849,0.2932476587,0.97621018,11.03868667,0,0,11.03867794,8.727272726e-06,0,0,0,0,0.8607994098,2.624009716,0.3552631579,0.6447368421,76,92122.738,0,0,371,63,9614.782603,4869.587,28893.24,31944.534,12302.26143,8886.572,31624.957,43291.179,29.50031699,5.614431842,187.8132188,471.9862907,50,10085.84366,4933.586,29575.384,34913.647,12501.95064,9608.435,32169.331,40611.71,11.24245723,6.301632622,39.92507129,47.72262693,35,13965.50869,12324.397,29415.534,29425.79,15855.78771,13646.188,29795.757,38004.358,21.20028835,11.38717694,92.03464582,93.80569816,12,12999.27283,10783.092,28140.796,28140.796,15918.03125,12952.127,30829.116,30829.116,12.11543472,9.93295248,43.58637434,43.58637434,84,10608.17333,8186.048,29242.331,31944.534,13104.09236,11663.908,32169.331,43291.179,18.64709795,5.939930884,83.87097575,241.5611509,59,11445.97902,8450.19,29969.158,34913.647,13796.02329,11999.52,31988.831,40611.71,25.04675257,7.15323341,93.38092537,471.9862907,17,11082.83782,11219.386,23479.143,23479.143,13611.75382,14007.531,27052.354,27052.354,15.52491239,6.301632622,82.74439186,82.74439186,
s9-online,fifo+first_fit+none,7,1.56128884,0.2954314259,0.6754112822,0.0612671,0.25,0.2791790315,200,160,0,5222.437713,0,26036.58,27245.136,8857.450512,4083.778,30621.392,41868.878,9.574929426,1,40.10607576,159.1196857,9.574929426,2393.623233,47,6109.582191,27202.069,0.6045941741,0.2022596543,0.1889944743,0.9387329,38.66189333,0,0,38.66188501,8.323232335e-06,0,0,0,0,0.7208209685,9.861765722,0.75,0.25,68,146233.708,0,0,297,66,4100.850273,0,25808.947,27202.069,6975.99497,3372.877,28963.149,33384.245,7.752974874,1,24.25934878,144.7005353,48,5911.137521,0,26869.076,27245.136,11817.89385,7034.219,35242.815,48302.873,9.480640288,1.025417299,33.88104034,159.1196857,30,8266.6346,5449.319,26036.58,27765.877,10644.69757,6332.748,27289.801,33144.424,17.87407473,2.610015016,110.0470939,178.2721866,16,2075.017313,0,23210.413,23210.413,4386.036375,1696.323,31720.077,31720.077,1.81246191,1,7.921387693,7.921387693,92,4781.472707,960.351,26036.58,27765.877,8420.929185,4709.533,30427.407,48302.873,8.224710314,1.199539347,24.25934878,178.2721866,53,4100.728943,0,23210.413,27002.475,7769.303245,3631.469,31485.378,41868.878,8.887478432,1,58.50126919,159.1196857,15,11890.39407,58.689,27245.136,27245.136,15379.56833,11360.872,33384.245,33384.245,20.28526682,1.025417299,144.7005353,144.7005353,
s9-online,fifo+first_fit+none,8,0.4396743071,0.1208472095,0.08990056733,0.01718210479,0.1492537313,0.06249069414,200,160,0,1771.7072,1741.945,3465.597,3807.744,3283.029494,2876.333,6677.909,13616.656,4.948264572,2.966775094,16.40552397,33.51190754,4.948264572,970.1624998,35,1998.788857,3744.822,0.745651225,0.3457521861,0.249640197,0.9828178952,3.771044444,0,0,3.77104,4.444444446e-06,0,0,0,0,0.9375093059,1.945064513,0.8507462687,0.1492537313,67,51730.247,0,0,368,68,1753.958397,1813.696,3321.189,3807.744,3149.433588,2650.463,6677.909,10727.786,6.268582631,3.76087152,22.17478206,33.57401667,48,1865.542458,1696.293,3643.27,4117.159,3090.176875,2932.504,5899.434,9814.753,4.307615323,2.789895849,9.4707459,21.85481613,27,1515.711815,1611.156,3603.153,3744.822,3003.427667,2899.676,5400.309,8273.95,3.848345413,2.389551954,10.55766536,16.40552397,17,1984.336706,1763.677,3554.454,3554.454,4806.011647,4051.321,15179.423,15179.423,3.222814765,2.354365355,8.321355326,8.321355326,93,1777.653527,1741.945,3586.233,3807.744,3297.931484,2758.469,8357.916,15179.423,4.799761063,3.358809501,13.87917438,33.51190754,57,1712.532,1733.28,3427.756,4117.159,3027.593842,2976.262,6387.099,8273.95,5.332384282,2.450379568,22.17478206,33.57401667,10,2053.705,1801.566,3456.807,3456.807,4600.4242,3819.595,9814.753,9814.753,4.139864859,1.933375987,20.32572838,20.32572838,
s9-online,fifo+first_fit+none,9,1.984543078,0.6885835201,0.4873612912,0.004326497769,0.7471264368,0.05714533172,200,160,0,10851.28527,12632.415,18787.399,19662.298,13360.40346,15390.209,21211.614,25755.813,22.99549727,8.326952982,93.4781489,166.2849493,22.99549727,4038.135039,41,11000.54017,19489.766,0.7900314727,0.1286396941,0.2113654261,0.9956735022,1.789126667,0,0,1.789119556,7.111111112e-06,0,0,0,0,0.9428546683,2.105462254,0.2528735632,0.7471264368,87,91409.338,0,0,366,65,11217.83945,12561.73,18921.509,19662.298,13284.78883,14880.516,20942.941,25152.696,21.48140502,12.63317967,72.52511534,115.9612667,43,9713.694465,12377.15,16812.6,19012.904,12880.10293,15188.589,21841.868,29180.007,23.36733034,4.342951698,88.85228654,253.14315,42,11782.77786,12956.523,18300.857,19691.553,14259.94398,16221.013,21400.77,25755.813,27.3412901,7.274189516,140.0316741,166.2849493,10,9448.0548,5585.52,16775.83,16775.83,12139.1206,16114.408,22836.617,22836.617,12.98588471,6.477354785,48.23739264,48.23739264,73,10607.23644,11994.446,17461.588,19662.298,12990.05304,15142.386,21841.868,25152.696,24.1080699,5.738591653,93.73050489,253.14315,70,10928.31073,12675.742,18921.509,19691.553,13746.60954,15553.526,21400.77,29180.007,22.88374992,8.326952982,103.6059456,166.2849493,17,11582.09606,13767.918,18300.857,18300.857,13360.47135,14880.516,20593.982,20593.982,18.67811559,15.07415068,63.22099816,63.22099816,
s9-online,fifo+first_fit+none,10,4.189573401,1.821442788,1.25926103,0.009480232737,0.9420289855,0.1573603658,200,160,0,36705.35702,39733.11,48543.534,51239.256,40344.72276,43062.487,53695.547,72720.334,63.36262949,23.98740118,247.2686248,631.1776405,63.36262949,12093.2872,39,36868.31469,50301.392,0.7383427611,0.3608476837,0.2614089404,0.9905197673,6.672113333,0,0,6.672107677,5.656565658e-06,0,0,0,0,0.8426396342,2.621115753,0.05797101449,0.9420289855,69,139325.247,0,0,375,75,38836.62461,40607.151,49507.378,51239.256,42464.87477,44234.059,57231.102,86431.286,87.30130082,37.27452072,357.9781155,795.8225167,49,34891.21061,39495.546,47985.055,52896.517,39410.90159,42504.099,59608.916,67208.54,48.67862115,20.10382223,163.4025282,272.7551514,26,34740.16931,35770.564,47158.122,48543.534,37602.72865,38258.138,51192.762,52953.889,33.30692311,15.05795469,105.7772801,172.8479407,10,34719.6555,30163.36,48262.399,48262.399,36148.4911,31122.649,51277.646,51277.646,33.91907199,23.98740118,78.38690079,78.38690079,91,37608.51018,40588.632,49434.22,52896.517,41464.81599,44234.059,59363.398,86431.286,65.28134406,26.29264936,247.2686248,795.8225167,60,36202.4047,39245.3,48079.527,49507.378,39858.27747,42889.137,50456.382,67288.928,61.22356799,20.60890499,249.4826533,455.6818866,9,30926.49056,35980.581,47158.279,47158.279,32262.30433,38301.207,48055.293,48055.293,58.22270328,53.57251169,172.8479407,172.8479407,
s9-online,py:milp_rolling,1,0.1869014765,0.03968052126,0.0948728336,0.00761319987,0,0.04473492179,200,160,0,514.3777563,0,3657.274,6013.654,3731.626263,1811.683,12058.333,28847.051,1.644278596,1,5.386799954,16.56248124,1.644278596,335.3969657,27,2040.372889,6013.654,0.5947821136,0.1462146695,0.1261241201,0.9923868001,3.283577778,0,0,3.283576566,1.212121214e-06,0,0,0,0,0.9552650782,1.760946266,1,0,84,143951.543,0,0,311,57,378.3032982,0,3362.056,5165.583,2821.584193,1811.683,9259.132,13042.775,1.367576824,1,3.231451123,7.500364691,45,558.9688667,0,4434.578,7370.398,2356.737,1231.069,6354.737,23624.102,2.069669786,1,7.238967451,19.35139542,43,786.3325581,0,4253.565,5810.409,6309.125302,2844.665,23046.054,87051.185,1.729483803,1,5.824243939,9.803315111,15,118.0836,0,1771.254,1771.254,3925.623333,1936.005,28847.051,28847.051,1.175316832,1,3.629752473,3.629752473,76,612.1984737,0,4253.565,7370.398,3125.314395,1599.238,12330.117,27419.311,1.833762596,1,7.500364691,16.56248124,66,514.8649848,0,3726.82,5810.409,3383.035273,2140.959,9370.948,28847.051,1.587864612,1,3.231451123,19.35139542,18,99.57044444,0,651.185,651.185,7569.776667,1777.743,87051.185,87051.185,1.051086313,1,1.295075222,1.295075222,0
s9-online,py:milp_rolling,2,0.8416892212,0.07036307915,0.4455337294,0.03484404867,0.1265822785,0.1643660855,200,160,0,2356.495981,10.843,17174.979,37726.889,5426.464881,2010.443,22906.635,51631.701,3.346118843,1.004358718,9.552088016,42.39162995,3.346118843,636.6111521,39,8543.059769,37726.889,0.7831771397,0.2661024869,0.2799009984,0.9651559513,19.31970222,0,0,19.31969289,9.333333328e-06,0,0,0,0,0.8356339145,3.38682074,0.8734177215,0.1265822785,79,119600.858,0,0,370,60,2568.7903,107.975,17174.979,37726.889,7216.84675,2401.879,23699.173,64336.34,2.187407924,1.01743345,4.597509576,26.27572568,51,1902.136824,14.575,12476.357,21459.817,4087.078333,2178.869,18001.857,28625.684,4.374846614,1.012659132,11.77088375,101.0873526,37,3046.798189,0,23628.205,41497.596,4696.746405,1654.56,24199.05,47745.663,4.464807999,1,34.70302951,42.39162995,12,1097.619,0,8033.249,8033.249,4416.913667,1339.837,22906.635,22906.635,1.318288844,1,3.128645425,3.128645425,81,1982.232148,177.992,17155.507,29419.838,4508.064975,1836.904,19987.085,32373.81,2.897617609,1.08918259,11.77088375,34.70302951,66,2933.614955,0,17450.317,41497.596,6987.005167,2199.763,24199.05,64336.34,2.787258949,1,9.099216458,42.39162995,13,1758.458923,0,11996.37,11996.37,3226.059769,792.914,14176.259,14176.259,8.97791522,1,101.0873526,101.0873526,0
s9-online,py:milp_rolling,3,0.5740484058,0.0672059232,0.2842101398,0.04797554196,0.1506849315,0.02397186933,200,160,0,2152.9731,0,10956.08,40941.44,4943.836556,2267.091,16149.879,53617.01,2.481696861,1,9.123490634,20.39707164,2.481696861,521.3700936,34,8604.466118,40941.44,0.8411449707,0.1864501856,0.2610531251,0.952024458,31.16518889,0,0,31.16518388,5.010101019e-06,0,0,0,0,0.9760281307,1.566803496,0.8493150685,0.1506849315,73,118010.186,0,0,386,60,3217.42635,197.646,13442.762,40941.44,7240.002183,3503.918,24014.614,67943.444,2.550218562,1.039328486,9.004444536,15.33908349,56,653.8606964,0,4898.319,6066.564,2463.073232,1299.379,8602.742,11761.233,2.365485742,1,16.03578578,20.39707164,31,3295.828097,41.228,19735.664,47659.061,5844.967645,2357.834,29349.284,53617.01,2.839676393,1.035992715,11.24904985,21.62158643,13,972.5573077,0,2620.257,2620.257,2883.663077,3106.582,9604.497,9604.497,1.812401108,1,6.469011672,6.469011672,87,1787.315851,0,12035.809,19735.664,4340.500448,1942.588,16149.879,29349.284,2.309144732,1,8.528913086,20.39707164,60,2952.188117,0,10956.08,47659.061,5933.285067,2357.834,24014.614,67943.444,2.886994746,1,15.33908349,21.62158643,13,911.3792308,0,3189.975,3189.975,4414.862,1952.551,15426.695,15426.695,1.765863184,1,9.123490634,9.123490634,0
s9-online,py:milp_rolling,4,0.4646602614,0.03679143753,0.2311639082,0.03372200313,0.1265822785,0.0364006341,200,160,0,1788.141619,102.195,8911.189,29025.621,4091.098594,2028.792,16025.627,34485.588,1.928678523,1.072127906,4.994594519,10.50885049,1.928678523,387.0273991,42,5867.486905,19705.435,0.8408948752,0.1781391938,0.3238910481,0.9662779969,16.69968,0,0,16.69966877,1.123232324e-05,0,0,0,0,0.9635993659,1.766166011,0.8734177215,0.1265822785,79,85432.721,0,0,384,61,1582.117705,68.542,9055.035,29025.621,3360.031361,940.627,16025.627,34485.588,2.151706492,1.078133189,4.924512387,31.20402849,49,2477.892224,538.369,8911.189,32508.076,5760.272959,3258.155,16631.236,36661.281,1.939583688,1.20409634,5.638964268,10.5054507,32,1936.986094,164.715,13966.337,19705.435,4149.002031,2632.318,18628.504,24008.807,1.886425162,1.104137207,5.579068461,10.50885049,18,344.0669444,0,3870.811,3870.811,1921.801222,1142.104,7791.276,7791.276,1.218292323,1,2.936195184,2.936195184,81,2211.561889,111.623,16710.525,32508.076,4414.57958,1803.47,21860.896,36661.281,2.008694636,1.072127906,5.579068461,31.20402849,64,1438.596344,139.318,7971.632,13966.337,3898.198781,2134.207,15188.469,18771.699,1.818705508,1.104137207,4.924512387,10.50885049,15,993.0653333,0,6523.979,6523.979,3167.340467,2828.37,12543.123,12543.123,1.965809706,1,10.5054507,10.5054507,0
s9-online,py:milp_rolling,5,0.3502306865,0.0348332532,0.2038284673,0.008458859525,0.08888888889,0.01422121754,200,160,0,1444.115419,17.94,7857.429,23009.086,3817.720413,2064.827,14207.255,30966.877,1.816408479,1.026963739,4.728762648,10.51815905,1.816408479,332.4510497,37,4997.991541,23009.086,0.8455427947,0.2784770899,0.30876098,0.9915411405,3.266104444,0,0,3.266100889,3.555555557e-06,0,0,0,0,0.9857787825,1.375860946,0.9111111111,0.08888888889,90,77373.443,0,0,385,61,1672.29118,202.124,7857.429,23009.086,3992.720607,1734.099,15364.789,30966.877,1.803492371,1.193827597,4.677743448,5.825921805,49,948.6853469,1.523,5489.817,14536.208,3205.911245,1772.239,10776.464,20595.46,1.561578111,1.006454759,2.975737921,10.51815905,32,1785.451719,212.691,6784.017,31840.58,4616.326625,2985.946,14727.541,33382.563,2.044429265,1.02991785,4.728762648,21.64911221,18,1412.703778,0,12882.863,12882.863,3470.400333,2452.531,14684.002,14684.002,2.148514337,1,8.152620092,8.152620092,70,1668.2874,130.764,12882.863,23009.086,4364.384843,2472.774,14727.541,30966.877,1.777867027,1.02991785,4.728762648,10.51815905,64,1235.986625,32.546,5489.817,31840.58,2972.085422,1612.892,8900.715,33382.563,1.929782203,1.050696251,4.079425318,21.64911221,26,1352.8925,0,7857.429,13291.539,4427.494615,1873.288,15364.789,23711.079,1.641100144,1,5.185251239,5.628254562,0
s9-online,py:milp_rolling,6,1.516891129,0.0960940418,0.8517283518,0.06017241421,0.1973684211,0.3115279005,200,160,0,3858.9504,0,32833.466,41675.623,6330.474256,1545.079,35358.967,46364.762,3.13939901,1,13.04517591,35.97450762,3.13939901,629.8602812,36,15476.69394,41675.623,0.6309077497,0.6161683017,0.3113480329,0.9398275858,29.00139111,0,0,29.00137701,1.410101011e-05,0,0,0,0,0.6884720995,3.555585211,0.8026315789,0.1973684211,76,85336.461,0,0,375,63,3119.741095,0,32833.466,47660.496,5847.160651,1737.017,38047.682,49023.217,2.657258133,1,10.72763305,35.97450762,50,4049.31286,0,32931.732,33078.764,6493.91016,1479.435,35181.207,35358.967,2.623612691,1,15.75178007,19.49368596,35,3738.425657,98.07,37786.194,41675.623,5628.704686,1545.079,46092.22,46364.762,2.622940058,1.075798752,13.8691879,16.07279924,12,7298.152833,247.584,32481.867,32481.867,10233.71567,1403.121,40300.145,40300.145,9.32608688,1.290898837,81.40345269,81.40345269,84,1939.155036,0,10654.674,38187.385,4465.029607,1373.392,22902.575,46364.762,1.726604003,1,5.463432872,16.07279924,59,5224.660458,125.373,32931.732,47660.496,7602.266915,2263.755,38047.682,49023.217,4.916968983,1.057439726,19.80634479,81.40345269,17,8605.180824,224.977,41675.623,41675.623,11134.09682,1860.908,46092.22,46092.22,3.95105502,1.225358928,15.75178007,15.75178007,0
s9-online,py:milp_rolling,7,0.5436786219,0.05408835367,0.2470576138,0.06670552403,0.1176470588,0.05818007159,200,160,0,1346.639987,0,9523.879,23654.624,4992.454962,1911.649,22127.229,46274.68,2.380150632,1,7.342724637,37.93931543,2.380150632,472.1037807,47,4312.197553,20932.726,0.6053868465,0.204682866,0.1880751752,0.933294476,42.33903333,0,0,42.33902489,8.444444459e-06,0,0,0,0,0.9418199284,2.009224372,0.8823529412,0.1176470588,68,138208.057,0,0,307,66,1286.736848,0,9523.879,23654.624,4160.765864,1756.133,19670.402,32900.676,2.838985223,1,12.93301476,37.99070331,48,1357.621771,0,10673.25,12273.952,7269.933542,2309.018,30427.407,48302.873,2.367268949,1,5.473408448,34.04092356,30,1015.939833,0,8351.821,11647.645,3449.267567,2702.644,10786.925,18370.829,1.907151854,1,7.342724637,7.914284871,16,2180.857875,0,33436.808,33436.808,4484.213125,1502.666,41946.472,41946.472,1.412975705,1,6.161593635,6.161593635,92,987.0808478,0,6107.077,23654.624,4645.323717,1871.051,22127.229,48302.873,1.796187499,1,7.211186587,18.03985622,53,1482.700774,0,10673.25,33436.808,5151.275075,1765.219,32900.676,46274.68,2.610708604,1,6.161593635,37.93931543,15,3071.187933,0,20932.726,20932.726,6560.3622,5565.986,23172.38,23172.38,5.147153016,1,37.99070331,37.99070331,0
s9-online,py:milp_rolling,8,0.141270098,0.03342189397,0.04581472392,0.00557831707,0.0447761194,0.01167904362,200,160,0,392.4550562,0,1766.122,6129.071,1900.470281,1112.718,6756.06,10971.928,1.637210532,1,4.537164613,10.77540435,1.637210532,315.3189247,35,1350.276514,6129.071,0.7694388991,0.2914621094,0.2646952193,0.9944216829,1.210015556,0,0,1.210011111,4.444444444e-06,0,0,0,0,0.9883209564,1.356923835,0.9552238806,0.0447761194,67,48503.109,0,0,361,68,250.6968235,0,1214.004,1503.694,1648.408353,841.126,6332.485,8357.916,1.78835102,1,5.60613464,18.7624,48,528.0106458,0,1895.246,6129.071,1752.645062,1054.494,6756.06,8203.498,1.590985837,1,2.975702567,10.77540435,27,209.3632593,0,1688.699,2302.487,1689.913778,1027.713,5400.309,8273.95,1.317945027,1,3.182196102,5.143502763,17,867.5356471,0,7566.08,7566.08,3660.520118,2014.489,13695.431,13695.431,1.670234106,1,4.537164613,4.537164613,93,305.7440108,0,1688.699,4508.249,1823.94171,944.376,6790.095,13695.431,1.476588897,1,3.759876735,8.156571141,57,399.9583333,0,1847.143,6129.071,1707.755333,1160.113,6451.12,8273.95,1.814904302,1,5.170146494,18.7624,10,1156.0991,0,7566.08,7566.08,3710.6612,1975.609,9705.104,9705.104,2.118137242,1,6.581823405,6.581823405,0
s9-online,py:milp_rolling,9,0.5983950561,0.07233991799,0.2571387509,0.01082422042,0.1264367816,0.1316553851,200,160,0,2124.354425,76.767,9912.499,36610.434,4642.727063,2120.216,15553.526,40761.064,3.485837821,1.060502533,9.820452317,42.34211667,3.485837821,613.5124591,41,6645.109805,24882.279,0.7921830291,0.3119266194,0.2408118313,0.9891757796,4.505517778,0,0,4.505516444,1.333333335e-06,0,0,0,0,0.8683446149,2.765031118,0.8735632184,0.1264367816,87,78232.541,0,0,372,65,1586.370185,33.152,8726.21,21874.392,3650.570323,1901.579,12329.529,31837.209,2.896464563,1.057560228,8.123098599,35.02340139,43,2996.998907,0,24882.279,49777.732,6168.613256,2411.831,38741.808,56168.66,2.879716769,1,8.788811265,42.34211667,42,2259.02181,812.185,9394.512,17466.087,4734.291833,2560.419,14536.128,20600.713,5.384795364,1.510274637,15.03074239,83.03094548,10,1303.2777,37.818,10362.819,10362.819,4145.8632,1283.718,17938.803,17938.803,1.947462844,1.054626528,6.805195698,6.805195698,73,1662.363068,76.767,9394.512,21874.392,4066.851096,2540.527,14536.128,31837.209,4.493871542,1.119243442,33.39595044,83.03094548,70,2886.066643,128.29,17466.087,49777.732,5702.9183,2330.584,22843.29,56168.66,2.872154324,1.126906649,9.820452317,27.22427333,17,971.7375882,33.152,4798.431,4798.431,2750.112882,960.234,18422.757,18422.757,1.684154478,1.054626528,5.571479806,5.571479806,0
s9-online,py:milp_rolling,10,1.175369761,0.1254802023,0.5582891803,0.05221096619,0.1739130435,0.2654763687,200,160,0,4280.432856,174.363,21521.614,61097.443,7964.80605,3303.61,36810.54,65132.083,4.686693365,1.071971739,17.0344725,79.20609875,4.686693365,853.6164386,39,15042.68351,61097.443,0.8190632987,0.3214449275,0.3000015772,0.9477890338,38.40233333,0,0,38.40232162,1.171717172e-05,0,0,0,0,0.7345236313,3.650981962,0.8260869565,0.1739130435,69,132740.607,0,0,379,75,4192.604613,473.345,26407.544,60674.937,7820.071627,3500.85,40065.049,65003.378,7.185924966,1.245225835,60.16464225,80.3157024,49,5196.312612,0,50257.809,88214.661,9864.165388,2508.109,55889.408,119493.494,2.686636693,1.000740067,12.10797065,26.54964716,26,3943.594538,0,18287.045,61097.443,6806.153885,3366.305,24944.653,65132.083,2.292276823,1,5.476104755,16.14322046,10,1327.1135,0,5385.234,5385.234,2755.9491,1560.413,6771.377,6771.377,1.968217056,1,4.885049378,4.885049378,91,3677.35044,229.157,18287.045,61097.443,7534.680747,3366.305,36810.54,65132.083,3.475386171,1.079328944,16.14322046,33.49950915,60,4823.666167,0,26407.544,88214.661,8585.59825,3481.751,32748.712,119493.494,6.580437482,1.013318623,60.16464225,80.3157024,9,6756.710778,183.728,56343.791,56343.791,8175.236111,1973.442,60065.81,60065.81,4.309394213,1.475388516,20.17245682,20.17245682,0
s9-online,shortest_estimate+topology_aware+easy,1,0.1741133637,0.02313223617,0.0922729887,0.02088773072,0.02380952381,0.01401088434,200,160,0,666.6347,0,3557.052,18927.987,3899.032481,1617.018,13042.775,47497.769,1.30857206,1,3.140299693,7.500364691,1.30857206,254.615826,27,3772.291333,18927.987,0.513243076,0.3235889322,0.1219998595,0.9791122693,9.131031111,0,0,9.131027556,3.555555558e-06,0,0,0,0,0.9859891157,1.370903807,0.9761904762,0.02380952381,84,143300.358,20,16,305,57,556.6472456,0,3557.052,18927.987,2999.92814,1710.343,9370.948,23021.536,1.350900118,1,5.62385744,7.500364691,45,586.0105556,0,1778.437,18628.917,2435.602244,1015.724,6354.737,23027.837,1.298252426,1,1.558452254,7.606638515,43,1129.353116,0,3863.196,24332.023,6654.281302,1962.385,32509.862,86400,1.370903807,1,3.140299693,6.567332615,15,0,0,0,0,3807.539733,1617.058,28847.051,28847.051,1,1,1,1,76,728.8218684,0,3657.274,24332.023,3273.580461,1393.107,12330.117,47497.769,1.424033765,1,5.852342011,7.500364691,66,494.5783788,0,3557.052,18927.987,3363.037167,1793.741,12058.333,28847.051,1.15967159,1,1.74072041,5.62385744,18,1034.939833,0,18628.917,18628.917,8505.146056,1777.743,86400,86400,1.367035473,1,7.606638515,7.606638515,
s9-online,shortest_estimate+topology_aware+easy,2,0.4278724608,0.04496309773,0.2040260329,0.01186607383,0.1012658228,0.06575143356,200,160,0,1524.755213,0,7865.045,28061.821,4580.973925,1836.904,17904.638,51162.645,1.956622267,1,6.103932235,11.77088375,1.956622267,358.8655739,39,4491.153974,28061.821,0.8177383439,0.1359761771,0.2408323703,0.9881339262,6.426293333,0,0,6.426288162,5.171717172e-06,0,0,0,0,0.9342485664,2.163572743,0.8987341772,0.1012658228,79,109935.79,51,42,363,60,1388.127867,11.163,4713.77,28061.821,6020.34405,2487.658,24474.048,54671.272,1.719351736,1.006985275,4.196083507,10.24788561,51,2123.023961,118.322,12329.035,34885.898,4307.965471,2178.869,16063.611,38348.405,2.506635301,1.07378577,11.07532923,11.91595663,37,1137.913757,0,12236.189,12237.571,2754.088622,1600.49,15521.354,17904.638,1.842089254,1,5.074659278,11.11892354,12,858.0109167,0,7865.045,7865.045,4177.305583,1339.837,22906.635,22906.635,1.158562988,1,2.280324304,2.280324304,81,1388.662481,0,4713.77,34885.898,3891.437272,1654.56,15120.841,38348.405,1.937685165,1,6.103932235,11.77088375,66,1763.094667,14.319,12236.189,28061.821,5811.449591,2120.884,20430.942,54671.272,1.766413176,1.009219163,4.726668601,11.11892354,13,1162.686538,175.26,7865.045,7865.045,2630.287385,947.101,14008.055,14008.055,3.040291904,1.321854363,11.91595663,11.91595663,
s9-online,shortest_estimate+topology_aware+easy,3,0.4495332569,0.03122356337,0.2177655836,0.0394045282,0.1369863014,0.02415328038,200,160,0,1752.223531,0,8394.694,31013.214,4535.29035,1760.974,14153.122,46380.18,1.800327544,1,4.238731862,12.31222478,1.800327544,375.3266814,34,6536.991559,31013.214,0.8171664988,0.1432803709,0.2432518805,0.9605954718,25.36901333,0,0,25.369012,1.333333343e-06,0,0,0,0,0.9758467196,1.568750307,0.8630136986,0.1369863014,73,111003.085,44,24,370,60,2876.361883,0,12347.283,33934.339,6905.09025,2957.345,24418.46,60936.343,2.04570809,1,6.267150749,12.31222478,56,521.2266786,0,4631.006,6660.675,2325.090839,1213.173,8602.742,18421.908,1.65885654,1,3.93006989,19.19155514,31,2370.340516,282.468,11140.887,31013.214,4881.041677,1673.375,14153.122,46380.18,1.789079915,1.25400771,4.630421453,4.6985451,13,392.6770769,0,1827.74,1827.74,2294.127846,1430.131,6999.043,6999.043,1.304036774,1,2.32038574,2.32038574,87,1519.369299,0,7130.009,31013.214,4076.797023,1760.974,13520.59,46380.18,1.763656411,1,4.630421453,12.31222478,60,2269.003833,0,11140.887,33934.339,5227.4205,1673.375,14153.122,60936.343,1.997755591,1,4.238731862,19.19155514,13,925.4158462,0,4456.077,4456.077,4409.221923,1952.551,17739.983,17739.983,1.13453568,1,1.70034119,1.70034119,
s9-online,shortest_estimate+topology_aware+easy,4,0.5334964352,0.05215488108,0.3367522367,0.03907443512,0.08860759494,0.01690728736,200,160,0,2305.177325,0,12981.537,29266.306,4611.17465,2061.507,20913.232,34908.588,2.008978518,1.011516567,7.08024749,18.61588512,2.008978518,390.6969314,42,7485.149524,28434.165,0.8139621784,0.109176563,0.2971118661,0.9609255649,19.45807333,0,0,19.45806622,7.111111117e-06,0,0,0,0,0.9830927126,1.389836072,0.9113924051,0.08860759494,79,84552.42,52,47,382,61,1611.51918,0,6718.504,27887.875,3417.092754,1525.825,14992.87,33347.842,2.005041221,1,7.08024749,19.56047581,49,3569.983102,180.913,26947.213,39888.43,6840.439939,3395.851,31100.418,47608.477,2.312553917,1.123712399,7.488293499,18.61588512,32,2018.496031,164.715,12818.513,28434.165,4201.373406,2173.753,16203.104,32737.537,1.745738531,1.073003288,4.787315218,7.607415069,18,1722.480944,0,16992.767,16992.767,3317.765556,1183.713,20913.232,20913.232,1.663904085,1,7.251622075,7.251622075,81,2898.635321,88.987,24654.217,29266.306,5122.483321,2061.507,28388.499,34908.588,1.990586351,1.045183603,7.488293499,9.502665004,64,1933.974641,0,8928.888,39888.43,4379.408109,2134.207,14992.87,47608.477,2.19146604,1,6.166863621,19.56047581,15,684.3022667,0,6185.409,6185.409,2838.9784,1728.432,12204.553,12204.553,1.329682793,1,2.843160184,2.843160184,
s9-online,shortest_estimate+topology_aware+easy,5,0.365851876,0.03951604306,0.1997770757,0.005117698354,0.1,0.02144105896,200,160,0,1633.244469,46.858,7701.251,23451.369,4004.4757,2038.695,15281.243,30262.697,1.778251716,1.057521312,5.364471337,12.00323518,1.778251716,328.3871961,37,5689.243243,23451.369,0.8063578776,0.2585686459,0.2446725295,0.9948823016,1.969391111,0,0,1.969390222,8.888888897e-07,0,0,0,0,0.978558941,1.467239535,0.9,0.1,90,77373.443,56,49,381,61,1993.572066,106.703,12797.029,23451.369,4312.738754,1605.635,25017.096,30755.634,1.822430356,1.141930716,4.648229806,13.17336145,49,1090.233735,0,7697.706,14507.036,3340.210735,1511.754,13948.59,20566.288,1.569011093,1,3.394195851,8.51319691,32,1669.565906,81.927,7189.877,24054.011,4512.487562,2688.031,14299.724,27273.438,1.71976273,1.074111416,5.759975928,8.471519311,18,1825.758722,0,19818.356,19818.356,3864.951111,2452.531,21619.495,21619.495,2.302115106,1,12.00323518,12.00323518,70,1682.065914,0,12797.029,23451.369,4369.746,2452.531,20566.288,30755.634,1.699971704,1,4.728762648,12.00323518,64,1675.250891,212.21,7189.877,24054.011,3415.825312,1612.892,13657.581,27273.438,1.934155392,1.128903286,5.759975928,13.17336145,26,1398.401692,40.134,7701.251,15249.38,4470.041231,1883.517,15364.789,25668.92,1.6052427,1.074111416,4.604642868,5.540622943,
s9-online,shortest_estimate+topology_aware+easy,6,0.8559414087,0.0542133808,0.5810021674,0.05744915493,0.1315789474,0.03169775817,200,160,0,2535.08835,0,22397.182,33576.996,5002.695706,1974.606,33374.294,39112.898,2.306826213,1,7.359697604,16.23528559,2.306826213,480.1776721,36,9215.013222,33576.996,0.7773632751,0.1729936687,0.2702074951,0.9425508451,27.60885778,0,0,27.60884711,1.066666667e-05,0,0,0,0,0.9683022418,1.688630261,0.8684210526,0.1315789474,76,80014.652,49,36,370,63,2241.978556,0,12149.123,33576.996,4969.398111,1974.606,34309.843,38508.479,2.518365916,1,7.359697604,36.62658546,50,2017.49678,0,13092.064,31140.819,4453.59434,1709.106,20214.643,34567.149,1.802659061,1,3.954278649,14.94276587,35,3164.592229,281.288,30534.33,30695.444,5054.871257,2029.639,33893.693,39112.898,2.393539788,1.213463059,9.592707563,16.23528559,12,4394.493333,0,40155.223,40155.223,7313.25175,2055.319,47973.501,47973.501,3.044024642,1,11.52233191,11.52233191,84,1784.616929,0,10174.502,30695.444,4305.432131,1651.894,14837.675,39112.898,1.854859908,1,4.559373779,16.23528559,59,2538.145051,0,22397.182,40155.223,4912.333661,2477.642,34567.149,47973.501,2.651566032,1,8.707275542,36.62658546,17,6232.691529,281.288,33576.996,33576.996,8761.607529,1860.908,36563.176,36563.176,3.343621525,1.288676036,14.94276587,14.94276587,
s9-online,shortest_estimate+topology_aware+easy,7,0.2145128058,0.04522693586,0.1136231727,0.01568801024,0.02941176471,0.01056292231,200,160,0,820.1273063,0,4380.085,12325.808,4378.418394,1932.023,17701.783,35113.681,1.796714337,1,6.139749386,15.49157374,1.796714337,339.3462556,47,2183.774489,12007.094,0.6400993313,0.02240033161,0.1554798308,0.9843119898,9.441324444,0,0,9.441319111,5.333333339e-06,0,0,0,0,0.9894370777,1.32737097,0.9705882353,0.02941176471,68,131375.266,26,12,303,66,685.6671818,0,3736.29,12325.808,3547.572758,1762.278,12772.363,32900.676,1.737076671,1,4.996881773,15.49157374,48,548.2873958,0,4429.247,6032.573,6220.063083,2309.018,28616.58,48302.873,1.948436398,1,8.430186504,23.29235497,30,1006.197833,0,4852.347,12007.094,3384.2608,2631.707,10786.925,17385.641,1.86053415,1,7.409396598,8.732154937,16,1841.412812,0,26604.017,26604.017,4144.768062,1619.2,35113.681,35113.681,1.467891374,1,5.157912526,5.157912526,92,821.6639565,0,4429.247,12325.808,4409.954598,2034.816,17701.783,48302.873,1.801597317,1,7.409396598,11.316373,53,856.5194906,0,4380.085,26604.017,4390.748774,1668.349,28616.58,35113.681,1.878661421,1,5.157912526,23.29235497,15,682.1168,0,9236.526,9236.526,4141.429,1499.798,12772.363,12772.363,1.477219026,1,6.155108239,6.155108239,
s9-online,shortest_estimate+topology_aware+easy,8,0.1349597643,0.03280942115,0.0487867164,0.01272670073,0.02985074627,0.01078617978,200,160,0,334.3711563,0,1880.69,3844.707,1844.545713,1027.276,6357.946,10971.928,1.512593034,1,4.454018817,7.592678163,1.512593034,292.1906634,35,1054.641343,3844.707,0.7845939253,0.1220489511,0.217143551,0.9872732993,2.780588889,0,0,2.780587111,1.777777779e-06,0,0,0,0,0.9892138202,1.245509361,0.9701492537,0.02985074627,67,48308.755,45,27,360,68,209.7951765,0,1144.248,1772.467,1606.423735,721.788,6332.485,8357.916,1.598931699,1,5.60613464,7.95235,48,571.2361042,0,3544.128,4541.796,1794.441292,1054.494,6357.946,8005.66,1.592539302,1,4.784356276,7.592678163,27,193.7021852,0,674.029,1505.528,1674.252704,1280.999,5400.309,8273.95,1.283757272,1,2.387467352,3.473164238,17,387.2953529,0,3018.065,3018.065,3208.970294,1813.439,13501.077,13501.077,1.304952769,1,3.036238809,3.036238809,93,245.9639892,0,1445.204,4541.796,1763.424022,921.65,6823.642,13501.077,1.394799684,1,3.473164238,7.592678163,57,431.0561228,0,2281.84,3844.707,1746.117965,1222.646,6590.913,8273.95,1.666437939,1,6.651477253,7.95235,10,605.4535,0,3018.065,3018.065,3160.0156,1975.609,6357.946,6357.946,1.731155236,1,5.690736356,5.690736356,
s9-online,shortest_estimate+topology_aware+easy,9,0.4629173444,0.06308023937,0.2009063072,0.007274589389,0.08045977011,0.1111964383,200,160,0,1843.032606,32.914,7744.782,39318.722,4353.643875,1886.688,15553.526,50194.547,2.682315371,1.01916743,8.563411462,22.87538845,2.682315371,487.6572309,41,4615.281073,18581.869,0.8155641154,0.1669227412,0.2307102889,0.9927254106,3.017177778,0,0,3.017173333,4.444444446e-06,0,0,0,0,0.8888035617,2.50245195,0.9195402299,0.08045977011,87,77617.553,46,29,368,65,1390.881569,33.152,7491.041,18557.476,3461.946723,1665.894,12329.529,22261.638,2.446294567,1.039363935,9.137557696,18.70617124,43,2902.737256,0,10305.186,43803.619,6069.145721,1907.314,22843.29,53178.251,2.058384717,1,7.978406428,11.12464742,42,1399.414262,486.033,6405.865,7020.613,3875.89869,2293.125,11105.014,15185.443,3.949266258,1.186265632,18.9789381,60.30052216,10,2088.4814,0,18581.869,18581.869,4779.5472,912.047,24642.656,24642.656,1.578158677,1,4.065916852,4.065916852,73,1782.594959,177.284,8717.157,18581.869,4168.684082,2129.17,15627.43,24642.656,3.305729522,1.139728563,15.35360485,60.30052216,70,2269.522771,24.366,9261.134,43803.619,5087.821586,1868.671,15553.526,53178.251,2.389189049,1.018128152,8.563411462,18.70617124,17,346.423,0,2970.167,2970.167,2124.798294,924.174,17247.532,17247.532,1.212292397,1,2.550571354,2.550571354,
s9-online,shortest_estimate+topology_aware+easy,10,0.8850533898,0.06971102511,0.4682587271,0.05678550077,0.1449275362,0.1453706006,200,160,0,3582.485162,0,18051.01,72911.01,7270.128025,2508.109,30697.15,83760.475,3.359400428,1,9.4635689,50.4589322,3.359400428,624.9149117,39,12494.75333,72911.01,0.8195986907,0.090082445,0.2353335222,0.9432144992,41.96957333,0,0,41.96956178,1.155555556e-05,0,0,0,0,0.8546293994,2.808707722,0.8550724638,0.1449275362,69,133418.465,46,31,378,75,3157.950893,59.163,24846.24,53341.605,6798.195587,2516.859,40065.049,69789.415,4.509104551,1.034991437,18.371351,86.89296667,49,4452.352184,0,11586.554,88892.519,9111.323755,2854.724,26537.314,120171.352,2.676737965,1,12.11392952,21.05697612,26,4196.589808,346.287,24458.069,46285.262,7059.149154,3401.074,30697.15,52942.87,2.00411725,1.096020798,5.474007594,7.952235998,10,907.4717,0,5451.297,5451.297,2336.3073,1537.438,6837.44,6837.44,1.605401842,1,4.932708963,4.932708963,91,2455.880571,0,11586.554,46285.262,6324.926462,2975.497,26537.314,62713.645,3.564506025,1,15.50077469,86.89296667,60,5313.0869,157.33,24458.069,88892.519,9065.969467,2340.127,43223.626,120171.352,3.073167457,1.298443194,7.720240122,50.4589322,9,3436.364444,529.058,24846.24,24846.24,4854.889778,2009.436,28568.259,28568.259,3.193774756,1.520145538,9.594342788,9.594342788,
s9-online,shortest_estimate+topology_aware+easy_predicted,1,0.1741052416,0.02313223617,0.0922729887,0.02088773072,0.02380952381,0.01400276218,200,160,0,665.673775,0,3557.052,18927.987,3898.071556,1617.018,13042.775,47497.769,1.308276251,1,3.140299693,7.500364691,1.308276251,254.5684965,27,3772.291333,18927.987,0.513243076,0.3235889322,0.1220298621,0.9791122693,9.131031111,0,0,9.131027556,3.555555558e-06,0,0,0,0,0.9859972378,1.370903807,0.9761904762,0.02380952381,84,143300.358,20,19,305,57,556.6472456,0,3557.052,18927.987,2999.92814,1710.343,9370.948,23021.536,1.350900118,1,5.62385744,7.500364691,45,582.5939333,0,1778.437,18628.917,2432.185622,1015.724,6354.737,23027.837,1.29720066,1,1.558452254,7.606638515,43,1129.353116,0,3863.196,24332.023,6654.281302,1962.385,32509.862,86400,1.370903807,1,3.140299693,6.567332615,15,0,0,0,0,3807.539733,1617.058,28847.051,28847.051,1,1,1,1,76,728.8218684,0,3657.274,24332.023,3273.580461,1393.107,12330.117,47497.769,1.424033765,1,5.852342011,7.500364691,66,492.2488636,0,3557.052,18927.987,3360.707652,1793.741,12058.333,28847.051,1.158954476,1,1.74072041,5.62385744,18,1034.939833,0,18628.917,18628.917,8505.146056,1777.743,86400,86400,1.367035473,1,7.606638515,7.606638515,
s9-online,shortest_estimate+topology_aware+easy_predicted,2,0.4089437063,0.03313501727,0.2067667886,0.01186607383,0.1012658228,0.0559100038,200,160,0,1499.341287,0,7970.699,29763.085,4555.56,1854.017,18594.87,52961.917,1.820719806,1,4.498219878,11.30955028,1.820719806,348.7109937,39,4470.961949,29763.085,0.8186733898,0.152632146,0.248593285,0.9881339262,6.426293333,0,0,6.426288162,5.171717172e-06,0,0,0,0,0.9440899962,1.977082142,0.8987341772,0.1012658228,79,111637.054,53,45,363,60,1328.133683,11.163,4282.735,29763.085,5960.349867,2269.621,24474.048,56372.536,1.55129191,1.013091944,4.196083507,5.794494554,51,2116.583824,73.938,13064.368,35696.89,4301.525333,2243.478,16798.944,39159.397,2.31899426,1.050995039,10.7327697,11.77088375,37,1105.541297,0,11484.267,12926.421,2721.716162,1600.49,14768.05,18594.87,1.780910656,1,4.497267329,11.11892354,12,946.3151667,0,8924.696,8924.696,4265.609833,1339.837,22906.635,22906.635,1.172937741,1,2.452821337,2.452821337,81,1401.617444,0,4282.735,35696.89,3904.392235,1654.56,15120.841,39159.397,1.884123346,1,5.360019399,11.77088375,66,1689.123061,5.399,11484.267,29763.085,5737.477985,2120.884,20430.942,56372.536,1.625209411,1.013091944,4.497267329,11.11892354,13,1144.728538,73.938,8924.696,8924.696,2612.329385,719.792,15067.706,15067.706,2.418258218,1.321854363,10.7327697,10.7327697,
s9-online,shortest_estimate+topology_aware+easy_predicted,3,0.4479872816,0.03721639005,0.2157627417,0.05200939554,0.1369863014,0.006012453033,200,160,0,1994.112737,0,8317.486,30070.13,4791.862444,1814.26,15562.185,45437.096,1.928017035,1,5.052283636,10.17194901,1.928017035,381.5064829,34,7397.664059,30070.13,0.8064439056,0.1725373305,0.2481685225,0.9479906045,33.92936667,0,0,33.92936444,2.222222231e-06,0,0,0,0,0.993987547,1.21711481,0.8630136986,0.1369863014,73,113903.074,46,37,375,60,3033.147467,130.366,10927.854,36834.328,7079.07845,3293.513,24418.46,63836.332,2.081168023,1.179600928,5.214796262,10.17194901,56,606.8151071,0,4631.006,8227.981,2410.679268,1122.918,10655.255,18421.908,1.709919234,1,4.389803129,19.19155514,31,2965.75829,48.495,15628.552,30070.13,5514.897839,2034.897,25242.172,45437.096,2.051105826,1.087491348,5.052283636,7.163197939,13,857.6182308,0,5270.451,5270.451,2768.724,1430.131,6999.043,6999.043,1.867145122,1,7.349545871,7.349545871,87,1675.43308,25.273,7157.036,30070.13,4242.589138,1530.779,13520.59,45437.096,1.854987487,1.041214019,5.214796262,9.104307966,60,2523.726767,0,11140.887,36834.328,5507.191717,1876.216,15562.185,63836.332,2.154000027,1,5.052283636,19.19155514,13,1682.442615,27.321,8050.341,8050.341,5166.248692,2112.29,17739.983,17739.983,1.373754823,1.004783411,2.992957607,2.992957607,
s9-online,shortest_estimate+topology_aware+easy_predicted,4,0.5042302896,0.05225506496,0.2897667239,0.0287874155,0.1012658228,0.03215526243,200,160,0,2263.251831,115.177,11170.282,27922.913,4561.23955,2418.941,18155.083,32226.285,2.175730489,1.123712399,7.093847879,18.61588512,2.175730489,415.4517553,42,6470.862286,26617.763,0.8361465486,0.102382346,0.311379043,0.9712125845,14.18356,0,0,14.18355459,5.414141419e-06,0,0,0,0,0.9678447376,1.676424827,0.8987341772,0.1012658228,79,83966.038,54,50,382,61,2082.73577,0,11170.282,26617.763,3870.407803,1636.215,17386.205,30985.736,2.45055337,1.001011825,8.499110898,19.56047581,49,2891.592082,360.401,23590.1,28679.924,6162.048918,3123.479,27324.382,34322.206,2.235032279,1.179627459,7.29280351,18.61588512,32,2251.464875,585.926,8942.971,27922.913,4434.34225,3276.267,18155.083,32226.285,1.96264432,1.255970088,6.128122739,7.488612418,18,1185.4735,0,16180.857,16180.857,2770.227944,1389.986,20101.322,20101.322,1.46177349,1,5.127280055,5.127280055,81,3079.231568,184.489,23590.1,28679.924,5289.59816,2706.77,27324.382,34322.206,2.210631568,1.19934401,7.29280351,11.30270143,64,1529.883734,14.598,8123.924,11170.282,3972.355594,2134.207,14788.333,18155.083,2.301570932,1.022449058,6.128122739,19.56047581,15,985.9984667,120.137,6185.409,6185.409,3140.6746,1728.432,12204.553,12204.553,1.450345441,1.179627459,2.843160184,2.843160184,
s9-online,shortest_estimate+topology_aware+easy_predicted,5,0.3635001837,0.0348332532,0.1997770757,0.005117698354,0.1,0.02377215649,200,160,0,1608.279369,1.523,7701.251,23451.369,3979.5106,2058.383,15281.243,30262.697,1.757314645,1.002075175,4.728762648,12.00323518,1.757314645,325.0372648,37,5689.243243,23451.369,0.8063578776,0.2639373443,0.2476057989,0.9948823016,1.969391111,0,0,1.969390222,8.888888897e-07,0,0,0,0,0.9762278435,1.468427023,0.9,0.1,90,77373.443,57,51,381,61,2012.093787,106.703,12797.029,23451.369,4331.260475,1612.892,25017.096,30755.634,1.830294159,1.141930716,4.648229806,13.17336145,49,1087.880102,0,7697.706,14507.036,3337.857102,1688.488,13948.59,20566.288,1.557431323,1,3.394195851,8.51319691,32,1542.840844,40.134,5242.632,24054.011,4385.7625,2688.031,14299.724,27273.438,1.62633526,1.019527821,4.728762648,8.471519311,18,1772.774778,0,19818.356,19818.356,3811.967167,2452.531,21619.495,21619.495,2.286974241,1,12.00323518,12.00323518,70,1710.015543,0,12797.029,23451.369,4397.695629,2452.531,20566.288,30755.634,1.714616717,1,4.728762648,12.00323518,64,1594.033469,125.989,5278.396,24054.011,3334.607891,1612.892,13657.581,27273.438,1.875486891,1.118356397,5.364471337,13.17336145,26,1369.441115,0,7701.251,15249.38,4441.080654,1883.517,15364.789,25668.92,1.581385077,1,4.604642868,5.540622943,
s9-online,shortest_estimate+topology_aware+easy_predicted,6,0.6720176529,0.07315300153,0.409701282,0.03824926433,0.1052631579,0.04565094714,200,160,0,2239.989712,0,15793.666,30894.756,4695.680875,1860.908,30575.92,38289.304,2.347909142,1,9.930831875,15.1759614,2.347909142,476.0968829,36,8458.056444,30894.756,0.8087373997,0.2051840808,0.2991172519,0.9617507357,18.01482889,0,0,18.01482133,7.555555559e-06,0,0,0,0,0.9543490529,1.763657633,0.8947368421,0.1052631579,76,77261.003,47,38,370,63,2005.880413,0,6454.179,30894.756,4709.055492,1974.606,30795.904,38508.479,2.845314085,1,11.15996859,42.00150785,50,1895.08548,0,10678.633,31140.819,4331.18304,1303.667,18717.85,33374.294,1.713214464,1,3.954278649,14.94276587,35,2856.810371,100.605,28561.16,29710.736,4721.851686,1489.508,31907.156,38289.304,2.128333342,1.129033397,9.030471146,15.1759614,12,3107.10425,0,30116.378,30116.378,6067.873583,2179.103,37934.656,37934.656,3.021523766,1,11.52233191,11.52233191,84,1709.693833,0,10678.633,29710.736,4212.325679,1373.392,19906.279,38508.479,1.911611441,1,5.040571192,15.1759614,59,2045.955119,38.298,9854.563,30894.756,4428.688322,2498.977,18717.85,37934.656,2.773870404,1.056042403,11.0373543,42.00150785,17,5533.689412,88.254,31140.819,31140.819,8010.645412,1860.908,33374.294,33374.294,3.025396933,1.069681957,14.94276587,14.94276587,
s9-online,shortest_estimate+topology_aware+easy_predicted,7,0.198886923,0.03680828601,0.1136231727,0.006487241783,0.02941176471,0.01255645776,200,160,0,833.3632375,0,4380.085,17079.76,4383.816812,1932.023,18488.624,33317.459,1.788233301,1,4.996881773,15.49157374,1.788233301,347.2276658,47,2270.51166,14508.086,0.6401814699,0.01413249902,0.1546720163,0.9935127582,3.867982222,0,0,3.867976889,5.333333334e-06,0,0,0,0,0.9874435422,1.342272404,0.9705882353,0.02941176471,68,129579.044,24,16,303,66,823.0181061,0,3736.29,17079.76,3691.710515,1762.278,16747.74,32900.676,1.834308889,1,4.996881773,15.49157374,48,543.2692083,0,4429.247,6032.573,6215.044896,2309.018,28616.58,48302.873,1.948175146,1,8.430186504,23.29235497,30,785.7895,0,4852.347,6152.518,3163.852467,2631.707,10786.925,11531.065,1.610604092,1,6.139749386,8.732154937,16,1835.51975,0,26509.728,26509.728,4032.504188,1619.2,33317.459,33317.459,1.451400729,1,4.894062207,4.894062207,92,788.4082826,0,4429.247,17079.76,4376.698924,2034.816,18488.624,48302.873,1.755018087,1,6.139749386,13.12307221,53,854.7404528,0,4380.085,26509.728,4356.857792,1668.349,28616.58,33317.459,1.873683113,1,4.894062207,23.29235497,15,1033.554133,0,14508.086,14508.086,4522.7284,1499.798,16747.74,16747.74,1.690030605,1,9.347281918,9.347281918,
s9-online,shortest_estimate+topology_aware+easy_predicted,8,0.1272579889,0.03280942115,0.04597931868,0.01410255166,0.02985074627,0.004515951116,200,160,0,363.4832875,0,1772.467,5051.835,1874.086613,1027.276,6590.913,10971.928,1.524511973,1,4.454018817,7.157976818,1.524511973,294.1121479,35,1197.153943,5051.835,0.7821537296,0.1694356689,0.2347684943,0.9858974483,3.085491111,0,0,3.085489333,1.777777779e-06,0,0,0,0,0.9954840489,1.187315646,0.9701492537,0.02985074627,67,48308.755,43,34,361,68,185.0137353,0,1012.433,1772.467,1581.642294,640.143,6332.485,8357.916,1.587353643,1,5.60613464,7.95235,48,551.6090417,0,3544.128,5051.835,1776.243458,1201.088,6357.946,8005.66,1.566402122,1,4.784356276,7.13201667,27,269.6342963,0,1505.528,2188.779,1750.184815,1280.999,5400.309,8273.95,1.336926409,1,2.469261214,3.473164238,17,695.2371765,0,6642.345,6642.345,3516.912118,1813.439,13501.077,13501.077,1.452797235,1,4.105315789,4.105315789,93,262.8734194,0,1445.204,5051.835,1781.071118,977.923,6920.042,13501.077,1.408328237,1,4.02098771,5.60613464,57,437.1819298,0,3491.421,3844.707,1752.243772,1021.059,6590.913,8273.95,1.653737973,1,7.13201667,7.95235,10,879.0728,0,6642.345,6642.345,3433.6349,1975.609,8781.369,8781.369,1.868432513,1,5.690736356,5.690736356,
s9-online,shortest_estimate+topology_aware+easy_predicted,9,0.4834697358,0.06308023937,0.2171232879,0.006731708704,0.09195402299,0.1045804768,200,160,0,1836.777812,47.297,8369.934,37188.895,4347.0703,1868.671,15259.528,47939.222,2.742492623,1.055702411,8.563411462,26.93918674,2.742492623,495.3317485,41,4548.894293,18370.219,0.8248684619,0.107954356,0.2162177822,0.9932682913,2.790488889,0,0,2.790486222,2.666666668e-06,0,0,0,0,0.8954195232,2.524485151,0.908045977,0.09195402299,87,77617.553,48,33,365,65,1380.160154,33.152,7491.041,19059.287,3451.225308,1485.945,12329.529,22763.449,2.438137757,1.039363935,9.137557696,18.70617124,43,2875.510581,172.435,10093.536,41548.294,6041.919047,2330.584,22843.29,51048.424,2.270089807,1.056042857,7.978406428,11.12464742,42,1425.093357,75.046,6405.865,8369.934,3900.363381,2419.112,11473.488,15185.443,3.975222338,1.133855324,18.9789381,60.30052216,10,2067.3164,0,18370.219,18370.219,4758.3822,912.047,24431.006,24431.006,1.574666556,1,4.030995645,4.030995645,73,1777.523616,177.284,8717.157,19059.287,4162.914041,2573.188,15259.528,24431.006,3.367873162,1.119089186,15.35360485,60.30052216,70,2232.667614,35.144,9261.134,41548.294,5050.966429,1868.671,15553.526,51048.424,2.410355866,1.039363935,8.563411462,18.70617124,17,461.0878235,0,2970.167,2970.167,2239.463118,924.174,17247.532,17247.532,1.424656955,1,4.293173227,4.293173227,
s9-online,shortest_estimate+topology_aware+easy_predicted,10,0.9568377036,0.08179758993,0.4767092736,0.04277767264,0.1304347826,0.2251183848,200,160,0,3780.122344,4.103,18376.772,73617.328,7452.555613,2795.099,31022.912,84466.793,4.117006911,1.002384333,11.10437161,50.4589322,4.117006911,743.6297814,39,13304.11862,73617.328,0.8187341574,0.1430638482,0.2497316713,0.9572223274,31.15386222,0,0,31.15385067,1.155555556e-05,0,0,0,0,0.7748816152,3.631271821,0.8695652174,0.1304347826,69,129212.982,45,36,378,75,3405.48052,229.157,25940.638,57265.634,7045.725213,3068.454,40365.666,73713.444,5.926777635,1.095782424,24.52269473,151.2364833,49,4650.444551,0,15510.583,90942.803,9259.752143,2700.204,26537.314,115965.869,2.9860699,1,16.00427232,21.05697612,26,4294.110923,4.103,24783.831,46228.286,7156.670269,3401.074,31022.912,52885.894,1.983610208,1.002384333,5.554748875,7.94367797,10,988.9869,0,5451.297,5451.297,2417.8225,1537.438,6837.44,6837.44,1.632149266,1,4.932708963,4.932708963,91,2643.771495,0,15510.583,46228.286,6554.819934,3301.259,26537.314,66637.674,4.63002037,1,20.41176552,151.2364833,60,5480.006517,585.342,24783.831,90942.803,9128.6263,2384.553,43223.626,115965.869,3.323250858,1.185117673,9.893313049,50.4589322,9,3937.330889,529.058,25940.638,25940.638,5355.856222,2152.295,29662.657,29662.657,4.22157785,1.227980726,16.00427232,16.00427232,
s9-online,shortest_estimate+topology_aware+none,1,0.2428759071,0.03099987712,0.1047644208,0.02088773072,0.08333333333,0.002890545104,200,160,0,1173.036237,0,4038.587,22844.304,4405.434019,1811.683,20201.809,41583.617,1.473621738,1,4.208365499,7.243471442,1.473621738,298.1498431,27,3256.726926,16532.436,0.5167157924,0.3270410642,0.1210084514,0.9791122693,9.131031111,0,0,9.131027556,3.555555558e-06,0,0,0,0,0.9971094549,1.127162074,0.9166666667,0.08333333333,84,146039.009,0,0,304,57,660.9259123,0,4038.587,16108.26,3104.206807,1744.125,11112.56,20201.809,1.387347656,1,4.189153133,7.500364691,45,964.7974222,0,3917.698,17604.885,2814.389111,1861.302,12805.434,22225.17,1.56376566,1,5.474028259,7.243471442,43,2272.819674,0,16532.436,31702.437,7797.74786,1962.385,39698.182,89138.651,1.523121219,1,4.429370309,6.169321201,15,591.0594,0,3633.735,3633.735,4398.599133,2444.798,28847.051,28847.051,1.389132974,1,3.629752473,3.629752473,76,715.9496974,0,3633.735,16532.436,3260.708289,1599.238,12330.117,39698.182,1.484003352,1,4.514977649,7.500364691,66,1133.019727,0,5171.172,22844.304,4001.478515,2140.959,12805.434,38537.285,1.391652488,1,3.195501389,5.521819899,18,3249.684389,0,31702.437,31702.437,10719.89061,1920.771,89138.651,89138.651,1.730342175,1,7.243471442,7.243471442,
s9-online,shortest_estimate+topology_aware+none,2,0.6313345009,0.04450784502,0.34542878,0.02659755903,0.1518987342,0.06290158275,200,160,0,2848.388138,574.782,13316.011,34200.904,5914.39355,2571.133,20430.942,60843.753,2.326114827,1.300358303,6.042129738,11.77088375,2.326114827,463.0751585,39,3634.161769,13976.475,0.7600257622,0.2307354122,0.2644861036,0.973402441,14.6224,0,0,14.62239644,3.555555549e-06,0,0,0,0,0.9370984173,1.828147004,0.8481012658,0.1518987342,79,137077.975,0,0,361,60,3628.3828,355.429,25444.87,37550.659,8286.69685,2244.248,29696.208,84896.181,1.747947723,1.21717846,4.196083507,6.985143971,51,2647.170373,1489.287,12694.584,18163.577,4832.111882,3300.59,16781.436,20178.886,3.195505393,1.458047674,10.19987534,23.85769946,37,1914.114162,623.048,9203.409,11128.279,3530.289027,2258.381,12775.579,19245.591,2.23727873,1.380991517,6.042129738,9.102228548,12,2684.268417,0,23446.025,23446.025,6003.563083,1543.309,44477.058,44477.058,1.795951746,1,5.621828408,5.621828408,81,2378.585296,619.654,12694.584,23446.025,4907.562259,2417.304,17438.982,44477.058,2.196439049,1.322094193,4.938269441,11.77088375,66,3816.916727,599.714,25444.87,37550.659,7856.839773,2976.934,29696.208,84896.181,2.213292167,1.348647901,6.042129738,10.01280002,13,858.4760769,0,3523.031,3523.031,2326.076923,1773.804,6639.681,6639.681,3.706886641,1,23.85769946,23.85769946,
s9-online,shortest_estimate+topology_aware+none,3,0.5686532891,0.06797763328,0.2705137028,0.04637121083,0.1780821918,0.005708550364,200,160,0,2959.210025,903.974,10428.093,31602.107,5746.968212,2633.151,17437.783,46969.073,2.69128826,1.52907412,9.228253568,19.19155514,2.69128826,536.1366374,34,6633.106912,31602.107,0.8247103957,0.1563599773,0.2367076112,0.9536287892,30.07232889,0,0,30.07232622,2.666666675e-06,0,0,0,0,0.9942914496,1.225932981,0.8219178082,0.1780821918,73,113043.664,0,0,376,60,4017.5436,1387.69,11379.653,35974.918,8036.830533,4515.778,26929.169,62976.922,2.839176158,1.543850565,11.01473826,13.42997095,56,1726.671857,685.221,6889.805,12615.065,3530.536018,1900.144,11081.262,24376.298,2.758399519,1.52907412,10.53576814,24.08744838,31,3521.353968,530.201,11553.084,31602.107,6070.493516,2112.29,19413.897,46969.073,2.315930971,1.318625278,7.5008806,12.37123591,13,2043.491615,1211.362,9904.865,9904.865,3954.597385,4204.347,11334.996,11334.996,2.614716842,1.442763389,7.925844555,7.925844555,87,2612.609713,823.43,9904.865,31602.107,5163.526103,2518.991,14353.699,46969.073,2.612009325,1.543850565,9.228253568,13.42997095,60,3456.945367,1177.877,11553.084,35974.918,6437.313783,2941.477,19413.897,62976.922,2.85995488,1.611306792,7.5008806,24.08744838,13,2981.525923,1387.69,10565.559,10565.559,6465.332,2112.29,20366.617,20366.617,2.443385961,1.442763389,11.17532153,11.17532153,
s9-online,shortest_estimate+topology_aware+none,4,0.8374357365,0.05245753986,0.604824282,0.03380566441,0.1392405063,0.007107743938,200,160,0,3500.425669,177.217,23315.506,32771.803,5797.625756,2154.707,28146.761,41195.585,2.40202027,1.134097807,7.12133471,19.56047581,2.40202027,470.0703901,42,5642.633857,22686.794,0.7901880332,0.1750316721,0.2638395369,0.9661943356,16.74256,0,0,16.74255467,5.33333334e-06,0,0,0,0,0.9928922561,1.229064983,0.8607594937,0.1392405063,79,94775.776,0,0,380,61,3524.940639,0,22686.794,44205.319,5309.576033,1270.822,28146.761,52479.685,2.291472981,1,6.443895372,19.56047581,49,4611.029061,823.08,24409.955,32771.803,7866.243918,4118.236,31433.731,40491.85,2.714552856,1.552913497,7.1263678,18.61588512,32,3386.226875,453.579,23315.506,31983.473,5598.242812,2458.973,25947.824,41195.585,2.208632491,1.41319821,5.767111698,9.857404766,18,597.058,0,4184.823,4184.823,2174.792278,1183.713,8105.288,8105.288,2.269670096,1,21.42559555,21.42559555,81,3637.254531,184.489,22686.794,29516.315,5851.882074,2043.34,28146.761,35147.695,2.037865847,1.083078037,6.241399977,7.830912751,64,3658.00625,446.094,23315.506,44205.319,6093.648203,2821.473,25947.824,52479.685,3.051819109,1.235329803,10.21722527,21.42559555,15,2089.206,0,23363.994,23363.994,4241.612533,1728.432,28225.249,28225.249,1.595979107,1,5.806165075,5.806165075,
s9-online,shortest_estimate+topology_aware+none,5,0.8619552618,0.07997707906,0.5199375122,0.007833886245,0.1666666667,0.08754011758,200,160,0,4058.448556,763.922,20043.187,27751.603,6431.401975,2887.995,25919.729,40712.112,2.96593182,1.367644979,10.8572295,15.98361232,2.96593182,537.287221,37,6218.127081,24118.59,0.7222962408,0.4996643954,0.2361895491,0.9921661138,3.022886667,0,0,3.022883111,3.555555557e-06,0,0,0,0,0.9124598824,2.166667294,0.8333333333,0.1666666667,90,88481.802,0,0,377,61,3705.191016,630.185,20043.187,27751.603,6024.675902,2080.465,28892.996,38628.022,2.748646701,1.317086774,7.24438117,17.52830971,49,3752.837612,512.821,19412.829,29376.515,6008.041959,2725.374,23318.585,42577.407,2.994509666,1.30974809,10.2945353,14.47551042,32,3157.101781,925.458,16473.48,26412.388,6000.023437,3324.295,20524.045,40712.112,2.255642865,1.342660781,6.323114558,11.45703485,18,7689.934278,4449.954,24871.423,24871.423,9729.126667,7288.767,28530.019,28530.019,4.887227623,2.391458826,15.98361232,15.98361232,70,5339.806571,906.306,24118.59,27751.603,8030.3227,3540.656,28530.019,40712.112,3.511448112,1.400320574,14.47551042,17.52830971,64,1990.836109,519.634,10074.313,19412.829,3731.410531,2579.594,12192.488,23792.325,2.461940351,1.342660781,7.039155046,13.82612675,26,5698.146077,35.229,21540.136,29376.515,8772.748192,2088.262,29473.752,42577.407,2.737828498,1.250001623,8.195840815,11.01058248,
s9-online,shortest_estimate+topology_aware+none,6,0.9514173459,0.04936586254,0.6870735407,0.01637761272,0.1710526316,0.02754769834,200,160,0,3347.0918,94.798,26486.151,35805.555,5788.055675,1665.701,32698.097,44199.544,2.030757399,1.038313052,6.701626331,11.01972031,2.030757399,383.4293927,36,6651.482972,28378.018,0.7424692055,0.3610467218,0.3083331781,0.9836223873,7.542091111,0,0,7.542087111,4.000000003e-06,0,0,0,0,0.9724523017,1.611151417,0.8289473684,0.1710526316,76,84616.613,0,0,359,63,3047.134333,0,24644.461,35333.835,5750.309413,2006.162,29463.186,44199.544,2.106983031,1,6.404932292,11.01972031,50,2617.56984,94.798,29643.908,35805.555,5016.15156,1384.212,33756.521,41503.5,1.586544003,1.027294769,4.432944705,8.208047049,35,3620.359114,423.585,26486.151,28378.018,5473.792314,1558.111,28500.911,36956.586,2.348002894,1.209260292,8.089651464,14.14605759,12,7164.513667,642.38,45240.447,45240.447,10119.09217,1511.837,58146.577,58146.577,2.556162617,1.588131031,6.701626331,6.701626331,84,3381.100917,0,28378.018,35805.555,5878.896048,1511.837,36956.586,44199.544,1.904134147,1,5.859756134,14.14605759,59,2440.806305,379.502,21026.701,35308.566,4790.487271,1558.111,26468.122,43126.844,2.091796969,1.250000372,6.701626331,11.01972031,17,6324.390529,608.034,45240.447,45240.447,8801.346529,2468.942,58146.577,58146.577,2.444582013,1.326740494,9.834538775,9.834538775,
s9-online,shortest_estimate+topology_aware+none,7,0.4322539884,0.03680828601,0.2635796849,0.01400475023,0.08823529412,0.02962597314,200,160,0,1606.262819,0,10160.792,28720.752,5172.301412,1795.346,25357.768,41493.115,1.729905492,1,4.996881773,15.49157374,1.729905492,347.2258601,47,2475.926106,12941.239,0.6089971636,0.06115784968,0.1565113464,0.9859952498,8.41392,0,0,8.413913737,6.262626257e-06,0,0,0,0,0.9703740269,1.581846652,0.9117647059,0.08823529412,68,140353.231,0,0,298,66,1370.261455,0,7920.298,28720.752,4232.16703,1728.448,19670.402,41493.115,1.714759669,1,5.420492453,15.49157374,48,2285.466604,0,18766.162,23358.432,8007.318938,2624.737,33152.062,48302.873,2.088870469,1,5.558087558,17.96953753,30,801.4753667,0,4852.347,12941.239,3197.466833,1387.359,10786.925,18857.641,1.320526529,1,3.506084636,3.642590265,16,2051.133563,0,29959.549,29959.549,4248.118,1619.2,36767.28,36767.28,1.483072635,1,5.400812694,5.400812694,92,1503.634761,0,12941.239,23358.432,5092.940826,1871.051,25357.768,48302.873,1.668468816,1,4.996881773,10.78189733,53,1193.593226,0,7381.134,29959.549,4749.448585,1765.219,32900.676,38710.393,1.845328456,1,5.400812694,17.96953753,15,3693.814133,0,28720.752,28720.752,7153.126333,1499.798,41493.115,41493.115,1.698889295,1,5.420492453,5.420492453,
s9-online,shortest_estimate+topology_aware+none,8,0.2697793784,0.0313622915,0.1319246831,0.01275975665,0.08955223881,0.004180408396,200,160,0,908.8324,31.957,5085.594,8217.158,2419.027531,1160.113,8526.178,17956.878,1.689780118,1.082444611,4.257564797,7.165696131,1.689780118,325.2330183,35,1781.671771,8112.266,0.7462870711,0.3526056443,0.2536370407,0.9872402434,2.787904444,0,0,2.787902667,1.777777779e-06,0,0,0,0,0.9958195916,1.182554797,0.9104477612,0.08955223881,67,54125.601,0,0,367,68,751.4492941,36.901,4396.026,7554.534,2146.155574,841.126,8357.916,14474.576,1.677398984,1.150789658,4.238120792,9.561249037,48,998.7373542,23.021,5085.594,8217.158,2224.734354,1228.461,9369.587,11388.097,1.819661629,1.01892161,4.754205355,6.856550912,27,607.8987778,213.881,2530.998,5068.259,2088.449296,1649.825,6777.773,8273.95,1.58515191,1.149211314,3.964736761,4.158252141,17,1762.468941,0,13188.572,13188.572,4584.143882,1782.975,19317.923,19317.923,1.538754596,1,7.165696131,7.165696131,93,946.5032473,26.301,6652.35,8217.158,2465.404215,1054.494,10394.112,19317.923,1.758022331,1.02588412,4.463466701,9.561249037,57,505.9990175,22.873,2833.179,3671.993,1821.06086,1160.113,7294.711,8526.178,1.482179629,1.018250526,4.194269361,6.856550912,10,2854.6438,1039.522,13188.572,13188.572,5396.1344,4406.288,15327.596,15327.596,2.238450318,1.491150595,7.165696131,7.165696131,
s9-online,shortest_estimate+topology_aware+none,9,0.5948763854,0.04278004662,0.3553340121,0.009835752209,0.1379310345,0.04899554005,200,160,0,3307.7731,272.321,13697.85,46513.383,5820.456819,1809.979,21226.889,62304.934,2.380769161,1.211619161,5.807573738,17.82213333,2.380769161,448.8215279,41,3625.229854,11028.498,0.7736381913,0.2122938855,0.2076969442,0.9901642478,4.089986667,0,0,4.089976162,1.050505051e-05,0,0,0,0,0.95100446,1.837063369,0.8620689655,0.1379310345,87,85579.613,0,0,361,65,1700.368508,411.653,8897.36,11214.243,3774.022554,1954.58,15238.863,21226.889,2.424914395,1.320350809,6.089817573,17.82213333,43,5461.788186,0,33221.647,48445.405,8630.279023,1945.087,40131.92,69356.673,1.943834147,1,5.36992542,5.807573738,42,3015.203738,665.513,11426.845,29200.649,5493.444643,2433.592,14890.055,37826.723,2.944952396,1.596944922,5.562286555,26.41991198,10,5722.4294,0,45762.186,45762.186,8413.4952,912.047,60535.168,60535.168,1.603076109,1,4.097694562,4.097694562,73,3222.430356,345.934,13697.85,33221.647,5613.061836,2343.279,21226.889,40131.92,2.653447729,1.372485515,5.807573738,26.41991198,70,4044.099914,411.653,29685.35,48445.405,6862.398729,1708.685,37826.723,69356.673,2.299397242,1.32727361,5.924064833,17.82213333,17,642.3109412,147.824,3021.364,3021.364,2420.686235,960.234,17298.729,17298.729,1.544916149,1.11875541,6.089817573,6.089817573,
s9-online,shortest_estimate+topology_aware+none,10,1.26043944,0.06914024017,0.8488018078,0.06685340738,0.2173913043,0.05825268036,200,160,0,5918.969962,721.725,32720.65,79405.21,9617.826525,2758.43,43748.945,115877.222,3.172945098,1.520145538,9.386082411,27.64026667,3.172945098,590.5669063,39,9427.362821,70100.446,0.7855043424,0.1972766617,0.2921078681,0.9331465926,49.94376,0,0,49.943752,8.000000009e-06,0,0,0,0,0.9417473196,1.967863704,0.7826086957,0.2173913043,69,140381.502,0,0,377,75,4846.707133,733.46,21739.809,79405.21,8459.911293,2498.379,37047.042,115877.222,3.818744857,1.382138291,10.28081562,50.4589322,49,7953.470061,728.208,65201.99,95855.556,12690.44637,3075.403,80949.911,127134.389,2.812462229,1.882383737,9.386082411,12.60561346,26,6985.632692,789.448,40510.338,43906.603,9848.192038,3240.652,47167.946,50433.832,2.463429497,1.791308166,7.084818752,7.726683406,10,1218.5676,218.403,6445.372,6445.372,2647.4032,1864.083,8604.073,8604.073,1.94055353,1.108412635,3.985764124,3.985764124,91,4979.905429,422.391,40510.338,65201.99,8879.062538,3015.247,47167.946,90909.546,2.968251274,1.179861566,10.10002805,27.64026667,60,7863.6131,1071.507,32720.65,95855.556,11613.13692,2807.273,39241.316,127134.389,3.617409736,2.034842104,8.000163309,50.4589322,9,2449.668222,728.208,17027.983,17027.983,3785.482,1820.56,20005.598,20005.598,2.279529514,1.520145538,6.718665106,6.718665106,
