scenario,policy,seed,jobs,optimal,objective,bound,solver_gap,reference,variables,horizon_slots,solver_capped
s8-small,milp_node,1,12,1,12.83333333,12.83333333,0,12.83333333,214,38,0
s8-small,milp_node,2,12,1,13.26666667,13.26666667,0,13.26666667,277,45,0
s8-small,milp_node,3,12,1,12.58333333,12.58333333,0,12.58333333,113,39,0
s8-small,milp_node,4,12,1,17.7,17.7,0,17.7,1063,53,0
s8-small,milp_node,5,12,1,16.38333333,16.38333333,0,16.38333333,587,35,0
s8-small,milp_node,6,12,1,15.51666667,15.51666667,0,15.51666667,662,48,0
s8-small,milp_node,7,12,1,14.61666667,14.61666667,0,14.61666667,631,39,0
s8-small,milp_node,8,12,1,12.83333333,12.83333333,0,12.83333333,150,46,0
s8-small,milp_node,9,12,1,12.2,12.2,0,12.2,213,47,0
s8-small,milp_node,10,12,1,12.78333333,12.78333333,0,12.78333333,197,42,0
s8-small,milp_node,11,12,1,14.06666667,14.06666667,0,14.06666667,477,45,0
s8-small,milp_node,12,12,1,14.13333333,14.13333333,0,14.13333333,616,51,0
s8-small,milp_node,13,12,1,15.06666667,15.06666667,0,15.06666667,608,51,0
s8-small,milp_node,14,12,1,14.1,14.1,0,14.1,455,39,0
s8-small,milp_node,15,12,1,14.15,14.15,0,14.15,448,37,0
s8-small,milp_node,16,12,1,13.83333333,13.83333333,0,13.83333333,344,40,0
s8-small,milp_node,17,12,1,20.55,20.55,0,20.55,982,48,0
s8-small,milp_node,18,12,1,16.18333333,16.18333333,0,16.18333333,788,51,0
s8-small,milp_node,19,12,1,13.11666667,13.11666667,0,13.11666667,198,33,0
s8-small,milp_node,20,12,1,12,12,0,12,47,36,0
s8-small,milp_node,21,12,1,17.5,17.5,0,17.5,732,43,0
s8-small,milp_node,22,12,1,15.58333333,15.58333333,0,15.58333333,632,51,0
s8-small,milp_node,23,12,1,13.5,13.5,0,13.5,261,42,0
s8-small,milp_node,24,12,1,13.78333333,13.78333333,0,13.78333333,445,48,0
s8-small,milp_node,25,12,1,13.73333333,13.73333333,2.586927436e-16,13.73333333,532,49,0
s8-small,milp_node,26,12,1,14.4,14.4,0,14.4,668,50,0
s8-small,milp_node,27,12,1,14.91666667,14.91666667,0,14.91666667,394,40,0
s8-small,milp_node,28,12,1,13.16666667,13.16666667,0,13.16666667,515,46,0
s8-small,milp_node,29,12,1,13.33333333,13.33333333,0,13.33333333,213,46,0
s8-small,milp_node,30,12,1,14.03333333,14.03333333,0,14.03333333,475,53,0
s8-small,milp_node,31,12,1,14.75,14.75,0,14.75,361,40,0
s8-small,milp_node,32,12,1,14.83333333,14.83333333,0,14.83333333,500,50,0
s8-small,milp_node,33,12,1,12.6,12.6,0,12.6,280,44,0
s8-small,milp_node,34,12,1,15.93333333,15.93333333,0,15.93333333,739,51,0
s8-small,milp_node,35,12,1,13.98333333,13.98333333,0,13.98333333,405,47,0
s8-small,milp_node,36,12,1,12.9,12.9,0,12.9,129,37,0
s8-small,milp_node,37,12,1,17.11666667,17.11666667,0,17.11666667,1037,43,0
s8-small,milp_node,38,12,1,15.4,15.4,0,15.4,746,50,0
s8-small,milp_node,39,12,1,16.4,16.4,0,16.4,618,43,0
s8-small,milp_node,40,12,1,13.66666667,13.66666667,0,13.66666667,347,44,0
s8-small,milp_node,41,12,1,14.83333333,14.83333333,0,14.83333333,702,48,0
s8-small,milp_node,42,12,1,14.1,14.1,0,14.1,372,38,0
s8-small,milp_node,43,12,1,13.73333333,13.73333333,0,13.73333333,523,51,0
s8-small,milp_node,44,12,1,13.66666667,13.66666667,0,13.66666667,344,47,0
s8-small,milp_node,45,12,1,14.21666667,14.21666667,0,14.21666667,422,39,0
s8-small,milp_node,46,12,1,14,14,0,14,346,36,0
s8-small,milp_node,47,12,1,13.66666667,13.66666667,0,13.66666667,341,45,0
s8-small,milp_node,48,12,1,14.93333333,14.93333333,0,14.93333333,804,47,0
s8-small,milp_node,49,12,1,13.03333333,13.03333333,0,13.03333333,354,45,0
s8-small,milp_node,50,12,1,12.96666667,12.96666667,0,12.96666667,200,44,0
