scenario,policy,seed,wall_solve_s,wall_cpu_solve_s,wall_nodes
s8-small,milp_node,1,0.04122389999,0.0625,1
s8-small,milp_node,2,0.06132559996,0.09375,1
s8-small,milp_node,3,0.02607970004,0.0625,1
s8-small,milp_node,4,0.3930229,0.453125,1
s8-small,milp_node,5,0.04059779999,0.0625,1
s8-small,milp_node,6,0.4769613,0.484375,1
s8-small,milp_node,7,0.1405225,0.171875,1
s8-small,milp_node,8,0.009123900032,0,1
s8-small,milp_node,9,0.02195239998,0.046875,1
s8-small,milp_node,10,0.03583890002,0.0625,1
s8-small,milp_node,11,0.3333438,0.421875,1
s8-small,milp_node,12,0.0163971,0.015625,1
s8-small,milp_node,13,0.06692379998,0.09375,1
s8-small,milp_node,14,0.1412142,0.203125,1
s8-small,milp_node,15,0.04538309999,0.078125,1
s8-small,milp_node,16,0.08829099999,0.125,1
s8-small,milp_node,17,0.1229781,0.15625,1
s8-small,milp_node,18,0.4188166001,0.484375,1
s8-small,milp_node,19,0.004070500028,0.015625,1
s8-small,milp_node,20,0.0008579000132,0,1
s8-small,milp_node,21,0.3371365,0.421875,1
s8-small,milp_node,22,0.3813661,0.421875,1
s8-small,milp_node,23,0.02150979999,0.046875,1
s8-small,milp_node,24,0.2513011,0.3125,1
s8-small,milp_node,25,0.1453006,0.171875,1
s8-small,milp_node,26,0.3883655,0.421875,1
s8-small,milp_node,27,0.1331781,0.171875,1
s8-small,milp_node,28,0.1002183,0.15625,1
s8-small,milp_node,29,0.1723663,0.203125,1
s8-small,milp_node,30,0.4712749,0.53125,1
s8-small,milp_node,31,0.07801399997,0.09375,1
s8-small,milp_node,32,0.07472570002,0.140625,1
s8-small,milp_node,33,0.02136100002,0.046875,1
s8-small,milp_node,34,0.2911783,0.3125,1
s8-small,milp_node,35,0.2797689,0.34375,1
s8-small,milp_node,36,0.03255950002,0.03125,1
s8-small,milp_node,37,0.2725904,0.359375,1
s8-small,milp_node,38,0.1739825,0.25,1
s8-small,milp_node,39,0.124065,0.15625,1
s8-small,milp_node,40,0.01024980005,0,1
s8-small,milp_node,41,0.1171765,0.140625,1
s8-small,milp_node,42,0.0135837,0.015625,1
s8-small,milp_node,43,0.09769560001,0.15625,1
s8-small,milp_node,44,0.2206003,0.296875,1
s8-small,milp_node,45,0.03715230001,0.078125,1
s8-small,milp_node,46,0.01263310004,0.015625,1
s8-small,milp_node,47,0.05106059997,0.078125,1
s8-small,milp_node,48,0.305991,0.3125,1
s8-small,milp_node,49,0.04949469998,0.09375,1
s8-small,milp_node,50,0.05327460001,0.0625,1
