load,policy,nodes,gpus,seeds,wait_p95_mean_s,wait_p95_ci95_half_s
0.6,fifo+first_fit+none,8,64,10,158453.6074,39583.13761
0.6,fifo+first_fit+none,9,72,10,104326.7879,29205.91305
0.6,fifo+first_fit+none,10,80,10,68267.7752,20410.38739
0.6,fifo+first_fit+none,11,88,10,37099.2782,14964.45049
0.6,fifo+first_fit+none,12,96,10,20666.1915,9142.799876
0.6,fifo+first_fit+none,13,104,10,10390.9232,6148.36406
0.6,fifo+first_fit+none,14,112,10,6800.4708,4380.769563
0.6,fifo+first_fit+none,15,120,10,4345.1057,3466.734557
0.6,fifo+first_fit+none,16,128,10,2431.2336,1994.740679
0.6,fifo+first_fit+none,17,136,10,1204.7326,1106.997178
0.6,fifo+first_fit+none,18,144,10,649.9942,689.9087062
0.6,fifo+first_fit+none,19,152,10,210.119,297.0988
0.6,fifo+first_fit+none,20,160,10,112.6825,171.9601847
0.6,fifo+first_fit+none,21,168,10,2.2329,5.051170729
0.6,fifo+first_fit+none,22,176,10,0,0
0.6,fifo+first_fit+none,23,184,10,0,0
0.6,fifo+first_fit+none,24,192,10,0,0
0.6,fifo+first_fit+none,25,200,10,0,0
0.6,fifo+first_fit+none,26,208,10,0,0
0.6,fifo+first_fit+none,27,216,10,0,0
0.6,fifo+first_fit+none,28,224,10,0,0
0.6,fifo+first_fit+none,29,232,10,0,0
0.6,fifo+first_fit+none,30,240,10,0,0
0.6,fifo+first_fit+none,31,248,10,0,0
0.6,fifo+first_fit+none,32,256,10,0,0
0.6,fifo+topology_aware+easy_predicted,8,64,10,51643.7061,18066.46738
0.6,fifo+topology_aware+easy_predicted,9,72,10,31800.4292,14401.82631
0.6,fifo+topology_aware+easy_predicted,10,80,10,16715.3514,8908.9951
0.6,fifo+topology_aware+easy_predicted,11,88,10,8804.4955,4988.524418
0.6,fifo+topology_aware+easy_predicted,12,96,10,4723.2798,3124.467437
0.6,fifo+topology_aware+easy_predicted,13,104,10,2832.1577,2116.011487
0.6,fifo+topology_aware+easy_predicted,14,112,10,1421.9154,1198.572406
0.6,fifo+topology_aware+easy_predicted,15,120,10,760.9481,788.9262306
0.6,fifo+topology_aware+easy_predicted,16,128,10,233.745,327.6625925
0.6,fifo+topology_aware+easy_predicted,17,136,10,35.9701,66.97685973
0.6,fifo+topology_aware+easy_predicted,18,144,10,0,0
0.6,fifo+topology_aware+easy_predicted,19,152,10,0,0
0.6,fifo+topology_aware+easy_predicted,20,160,10,0,0
0.6,fifo+topology_aware+easy_predicted,21,168,10,0,0
0.6,fifo+topology_aware+easy_predicted,22,176,10,0,0
0.6,fifo+topology_aware+easy_predicted,23,184,10,0,0
0.6,fifo+topology_aware+easy_predicted,24,192,10,0,0
0.6,fifo+topology_aware+easy_predicted,25,200,10,0,0
0.6,fifo+topology_aware+easy_predicted,26,208,10,0,0
0.6,fifo+topology_aware+easy_predicted,27,216,10,0,0
0.6,fifo+topology_aware+easy_predicted,28,224,10,0,0
0.6,fifo+topology_aware+easy_predicted,29,232,10,0,0
0.6,fifo+topology_aware+easy_predicted,30,240,10,0,0
0.6,fifo+topology_aware+easy_predicted,31,248,10,0,0
0.6,fifo+topology_aware+easy_predicted,32,256,10,0,0
0.6,shortest_estimate+topology_aware+easy_predicted,8,64,10,8272.8865,6281.262384
0.6,shortest_estimate+topology_aware+easy_predicted,9,72,10,4454.8192,1060.887111
0.6,shortest_estimate+topology_aware+easy_predicted,10,80,10,3787.3924,767.7051653
0.6,shortest_estimate+topology_aware+easy_predicted,11,88,10,2860.4411,890.6294584
0.6,shortest_estimate+topology_aware+easy_predicted,12,96,10,1514.3254,800.6921701
0.6,shortest_estimate+topology_aware+easy_predicted,13,104,10,881.615,532.8430721
0.6,shortest_estimate+topology_aware+easy_predicted,14,112,10,421.9209,250.0944703
0.6,shortest_estimate+topology_aware+easy_predicted,15,120,10,180.3885,157.4026759
0.6,shortest_estimate+topology_aware+easy_predicted,16,128,10,33.419,44.23857823
0.6,shortest_estimate+topology_aware+easy_predicted,17,136,10,0,0
0.6,shortest_estimate+topology_aware+easy_predicted,18,144,10,0,0
0.6,shortest_estimate+topology_aware+easy_predicted,19,152,10,0,0
0.6,shortest_estimate+topology_aware+easy_predicted,20,160,10,0,0
0.6,shortest_estimate+topology_aware+easy_predicted,21,168,10,0,0
0.6,shortest_estimate+topology_aware+easy_predicted,22,176,10,0,0
0.6,shortest_estimate+topology_aware+easy_predicted,23,184,10,0,0
0.6,shortest_estimate+topology_aware+easy_predicted,24,192,10,0,0
0.6,shortest_estimate+topology_aware+easy_predicted,25,200,10,0,0
0.6,shortest_estimate+topology_aware+easy_predicted,26,208,10,0,0
0.6,shortest_estimate+topology_aware+easy_predicted,27,216,10,0,0
0.6,shortest_estimate+topology_aware+easy_predicted,28,224,10,0,0
0.6,shortest_estimate+topology_aware+easy_predicted,29,232,10,0,0
0.6,shortest_estimate+topology_aware+easy_predicted,30,240,10,0,0
0.6,shortest_estimate+topology_aware+easy_predicted,31,248,10,0,0
0.6,shortest_estimate+topology_aware+easy_predicted,32,256,10,0,0
0.7,fifo+first_fit+none,8,64,10,191195.6934,42016.59637
0.7,fifo+first_fit+none,9,72,10,141241.537,33742.44086
0.7,fifo+first_fit+none,10,80,10,100847.9137,25412.31454
0.7,fifo+first_fit+none,11,88,10,67986.0124,18170.32732
0.7,fifo+first_fit+none,12,96,10,43857.24,13777.20882
0.7,fifo+first_fit+none,13,104,10,25917.9139,11112.59442
0.7,fifo+first_fit+none,14,112,10,15006.8809,7875.424152
0.7,fifo+first_fit+none,15,120,10,8052.3381,4618.717378
0.7,fifo+first_fit+none,16,128,10,5474.7033,3646.895918
0.7,fifo+first_fit+none,17,136,10,3506.1571,2571.93874
0.7,fifo+first_fit+none,18,144,10,1941.2447,1270.794414
0.7,fifo+first_fit+none,19,152,10,1034.2872,766.6799886
0.7,fifo+first_fit+none,20,160,10,469.5639,474.2909898
0.7,fifo+first_fit+none,21,168,10,221.8667,316.8855193
0.7,fifo+first_fit+none,22,176,10,77.2796,174.8186007
0.7,fifo+first_fit+none,23,184,10,36.5419,82.66352083
0.7,fifo+first_fit+none,24,192,10,0,0
0.7,fifo+first_fit+none,25,200,10,0,0
0.7,fifo+first_fit+none,26,208,10,0,0
0.7,fifo+first_fit+none,27,216,10,0,0
0.7,fifo+first_fit+none,28,224,10,0,0
0.7,fifo+first_fit+none,29,232,10,0,0
0.7,fifo+first_fit+none,30,240,10,0,0
0.7,fifo+first_fit+none,31,248,10,0,0
0.7,fifo+first_fit+none,32,256,10,0,0
0.7,fifo+topology_aware+easy_predicted,8,64,10,84340.4367,21629.3355
0.7,fifo+topology_aware+easy_predicted,9,72,10,54221.5372,16823.05598
0.7,fifo+topology_aware+easy_predicted,10,80,10,34525.8137,12870.91286
0.7,fifo+topology_aware+easy_predicted,11,88,10,18694.1436,8552.562035
0.7,fifo+topology_aware+easy_predicted,12,96,10,11278.4419,6560.075039
0.7,fifo+topology_aware+easy_predicted,13,104,10,5953.8395,3499.4215
0.7,fifo+topology_aware+easy_predicted,14,112,10,3652.0059,2353.144789
0.7,fifo+topology_aware+easy_predicted,15,120,10,2054.2267,1557.409348
0.7,fifo+topology_aware+easy_predicted,16,128,10,986.9417,855.2392973
0.7,fifo+topology_aware+easy_predicted,17,136,10,512.9409,543.3812126
0.7,fifo+topology_aware+easy_predicted,18,144,10,225.8362,306.3588624
0.7,fifo+topology_aware+easy_predicted,19,152,10,81.3989,149.1483609
0.7,fifo+topology_aware+easy_predicted,20,160,10,19.3411,43.7526079
0.7,fifo+topology_aware+easy_predicted,21,168,10,0,0
0.7,fifo+topology_aware+easy_predicted,22,176,10,0,0
0.7,fifo+topology_aware+easy_predicted,23,184,10,0,0
0.7,fifo+topology_aware+easy_predicted,24,192,10,0,0
0.7,fifo+topology_aware+easy_predicted,25,200,10,0,0
0.7,fifo+topology_aware+easy_predicted,26,208,10,0,0
0.7,fifo+topology_aware+easy_predicted,27,216,10,0,0
0.7,fifo+topology_aware+easy_predicted,28,224,10,0,0
0.7,fifo+topology_aware+easy_predicted,29,232,10,0,0
0.7,fifo+topology_aware+easy_predicted,30,240,10,0,0
0.7,fifo+topology_aware+easy_predicted,31,248,10,0,0
0.7,fifo+topology_aware+easy_predicted,32,256,10,0,0
0.7,shortest_estimate+topology_aware+easy_predicted,8,64,10,24412.2299,16172.27256
0.7,shortest_estimate+topology_aware+easy_predicted,9,72,10,7351.9088,4460.170905
0.7,shortest_estimate+topology_aware+easy_predicted,10,80,10,4446.447,1376.818885
0.7,shortest_estimate+topology_aware+easy_predicted,11,88,10,4213.6516,1054.299691
0.7,shortest_estimate+topology_aware+easy_predicted,12,96,10,2897.5126,749.7693874
0.7,shortest_estimate+topology_aware+easy_predicted,13,104,10,2160.9238,909.2969207
0.7,shortest_estimate+topology_aware+easy_predicted,14,112,10,1360.4258,978.3099367
0.7,shortest_estimate+topology_aware+easy_predicted,15,120,10,714.5839,482.6184816
0.7,shortest_estimate+topology_aware+easy_predicted,16,128,10,350.9372,270.4531745
0.7,shortest_estimate+topology_aware+easy_predicted,17,136,10,198.3223,205.4106448
0.7,shortest_estimate+topology_aware+easy_predicted,18,144,10,82.5572,100.3938513
0.7,shortest_estimate+topology_aware+easy_predicted,19,152,10,5.452,12.33328085
0.7,shortest_estimate+topology_aware+easy_predicted,20,160,10,0,0
0.7,shortest_estimate+topology_aware+easy_predicted,21,168,10,0,0
0.7,shortest_estimate+topology_aware+easy_predicted,22,176,10,0,0
0.7,shortest_estimate+topology_aware+easy_predicted,23,184,10,0,0
0.7,shortest_estimate+topology_aware+easy_predicted,24,192,10,0,0
0.7,shortest_estimate+topology_aware+easy_predicted,25,200,10,0,0
0.7,shortest_estimate+topology_aware+easy_predicted,26,208,10,0,0
0.7,shortest_estimate+topology_aware+easy_predicted,27,216,10,0,0
0.7,shortest_estimate+topology_aware+easy_predicted,28,224,10,0,0
0.7,shortest_estimate+topology_aware+easy_predicted,29,232,10,0,0
0.7,shortest_estimate+topology_aware+easy_predicted,30,240,10,0,0
0.7,shortest_estimate+topology_aware+easy_predicted,31,248,10,0,0
0.7,shortest_estimate+topology_aware+easy_predicted,32,256,10,0,0
0.8,fifo+first_fit+none,8,64,10,217457.1123,47876.05163
0.8,fifo+first_fit+none,9,72,10,165797.0153,37906.32468
0.8,fifo+first_fit+none,10,80,10,124428.3159,28472.08249
0.8,fifo+first_fit+none,11,88,10,93933.4506,22951.74786
0.8,fifo+first_fit+none,12,96,10,68858.9525,18366.33679
0.8,fifo+first_fit+none,13,104,10,47020.5597,15239.55119
0.8,fifo+first_fit+none,14,112,10,31705.7501,11835.4836
0.8,fifo+first_fit+none,15,120,10,18152.633,8717.113293
0.8,fifo+first_fit+none,16,128,10,11250.906,6275.333374
0.8,fifo+first_fit+none,17,136,10,6867.6581,4268.140833
0.8,fifo+first_fit+none,18,144,10,3910.1984,2420.878044
0.8,fifo+first_fit+none,19,152,10,2804.0138,1648.14064
0.8,fifo+first_fit+none,20,160,10,1795.5725,1122.219684
0.8,fifo+first_fit+none,21,168,10,927.76,795.6550413
0.8,fifo+first_fit+none,22,176,10,419.0804,541.4896626
0.8,fifo+first_fit+none,23,184,10,242.7332,366.804246
0.8,fifo+first_fit+none,24,192,10,107.6697,227.8286811
0.8,fifo+first_fit+none,25,200,10,43.2427,97.82178354
0.8,fifo+first_fit+none,26,208,10,1.9258,4.356462264
0.8,fifo+first_fit+none,27,216,10,0,0
0.8,fifo+first_fit+none,28,224,10,0,0
0.8,fifo+first_fit+none,29,232,10,0,0
0.8,fifo+first_fit+none,30,240,10,0,0
0.8,fifo+first_fit+none,31,248,10,0,0
0.8,fifo+first_fit+none,32,256,10,0,0
0.8,fifo+topology_aware+easy_predicted,8,64,10,106515.8307,25232.39296
0.8,fifo+topology_aware+easy_predicted,9,72,10,76119.5096,19689.0507
0.8,fifo+topology_aware+easy_predicted,10,80,10,53071.577,17011.51136
0.8,fifo+topology_aware+easy_predicted,11,88,10,36235.3075,12307.79059
0.8,fifo+topology_aware+easy_predicted,12,96,10,21707.6355,9568.252467
0.8,fifo+topology_aware+easy_predicted,13,104,10,13162.8966,6891.323976
0.8,fifo+topology_aware+easy_predicted,14,112,10,7973.6088,4594.214127
0.8,fifo+topology_aware+easy_predicted,15,120,10,4994.5119,3023.133482
0.8,fifo+topology_aware+easy_predicted,16,128,10,2422.6446,1511.52379
0.8,fifo+topology_aware+easy_predicted,17,136,10,1602.9502,1207.586705
0.8,fifo+topology_aware+easy_predicted,18,144,10,826.9029,830.4246207
0.8,fifo+topology_aware+easy_predicted,19,152,10,486.2211,538.6809221
0.8,fifo+topology_aware+easy_predicted,20,160,10,189.7785,291.4946829
0.8,fifo+topology_aware+easy_predicted,21,168,10,87.2818,188.3434649
0.8,fifo+topology_aware+easy_predicted,22,176,10,55.7705,126.161636
0.8,fifo+topology_aware+easy_predicted,23,184,10,15.1021,34.16332369
0.8,fifo+topology_aware+easy_predicted,24,192,10,0,0
0.8,fifo+topology_aware+easy_predicted,25,200,10,0,0
0.8,fifo+topology_aware+easy_predicted,26,208,10,0,0
0.8,fifo+topology_aware+easy_predicted,27,216,10,0,0
0.8,fifo+topology_aware+easy_predicted,28,224,10,0,0
0.8,fifo+topology_aware+easy_predicted,29,232,10,0,0
0.8,fifo+topology_aware+easy_predicted,30,240,10,0,0
0.8,fifo+topology_aware+easy_predicted,31,248,10,0,0
0.8,fifo+topology_aware+easy_predicted,32,256,10,0,0
0.8,shortest_estimate+topology_aware+easy_predicted,8,64,10,62390.5025,13671.59657
0.8,shortest_estimate+topology_aware+easy_predicted,9,72,10,23354.6138,14400.4568
0.8,shortest_estimate+topology_aware+easy_predicted,10,80,10,7159.2652,5088.303439
0.8,shortest_estimate+topology_aware+easy_predicted,11,88,10,5416.5412,3237.620053
0.8,shortest_estimate+topology_aware+easy_predicted,12,96,10,3460.1305,774.1990327
0.8,shortest_estimate+topology_aware+easy_predicted,13,104,10,2850.326,613.0318223
0.8,shortest_estimate+topology_aware+easy_predicted,14,112,10,2148.0191,562.1367974
0.8,shortest_estimate+topology_aware+easy_predicted,15,120,10,1337.738,381.2043524
0.8,shortest_estimate+topology_aware+easy_predicted,16,128,10,993.5371,742.8193642
0.8,shortest_estimate+topology_aware+easy_predicted,17,136,10,598.9186,398.7549976
0.8,shortest_estimate+topology_aware+easy_predicted,18,144,10,244.3628,205.1443502
0.8,shortest_estimate+topology_aware+easy_predicted,19,152,10,151.9513,158.6830698
0.8,shortest_estimate+topology_aware+easy_predicted,20,160,10,54.6494,86.80441823
0.8,shortest_estimate+topology_aware+easy_predicted,21,168,10,18.8831,42.71653992
0.8,shortest_estimate+topology_aware+easy_predicted,22,176,10,3.8333,8.671527052
0.8,shortest_estimate+topology_aware+easy_predicted,23,184,10,0,0
0.8,shortest_estimate+topology_aware+easy_predicted,24,192,10,0,0
0.8,shortest_estimate+topology_aware+easy_predicted,25,200,10,0,0
0.8,shortest_estimate+topology_aware+easy_predicted,26,208,10,0,0
0.8,shortest_estimate+topology_aware+easy_predicted,27,216,10,0,0
0.8,shortest_estimate+topology_aware+easy_predicted,28,224,10,0,0
0.8,shortest_estimate+topology_aware+easy_predicted,29,232,10,0,0
0.8,shortest_estimate+topology_aware+easy_predicted,30,240,10,0,0
0.8,shortest_estimate+topology_aware+easy_predicted,31,248,10,0,0
0.8,shortest_estimate+topology_aware+easy_predicted,32,256,10,0,0
0.9,fifo+first_fit+none,8,64,10,238748.0862,51311.19587
0.9,fifo+first_fit+none,9,72,10,182123.0963,40222.46094
0.9,fifo+first_fit+none,10,80,10,146194.7937,33349.4104
0.9,fifo+first_fit+none,11,88,10,112847.3811,26045.93705
0.9,fifo+first_fit+none,12,96,10,87330.0913,20392.87965
0.9,fifo+first_fit+none,13,104,10,65208.3181,17917.02954
0.9,fifo+first_fit+none,14,112,10,47977.017,14977.30443
0.9,fifo+first_fit+none,15,120,10,33556.0224,12376.93608
0.9,fifo+first_fit+none,16,128,10,21782.6665,9893.692
0.9,fifo+first_fit+none,17,136,10,13987.9713,7683.605129
0.9,fifo+first_fit+none,18,144,10,8560.8822,5572.205007
0.9,fifo+first_fit+none,19,152,10,5673.5467,2986.828325
0.9,fifo+first_fit+none,20,160,10,3736.7274,2168.614068
0.9,fifo+first_fit+none,21,168,10,2258.9526,1503.687237
0.9,fifo+first_fit+none,22,176,10,1454.9084,1086.618775
0.9,fifo+first_fit+none,23,184,10,801.988,688.0925622
0.9,fifo+first_fit+none,24,192,10,510.1903,455.3865607
0.9,fifo+first_fit+none,25,200,10,201.2889,269.31509
0.9,fifo+first_fit+none,26,208,10,89.9132,194.631272
0.9,fifo+first_fit+none,27,216,10,37.8042,85.51904181
0.9,fifo+first_fit+none,28,224,10,21.5597,48.77142978
0.9,fifo+first_fit+none,29,232,10,0,0
0.9,fifo+first_fit+none,30,240,10,0,0
0.9,fifo+first_fit+none,31,248,10,0,0
0.9,fifo+first_fit+none,32,256,10,0,0
0.9,fifo+topology_aware+easy_predicted,8,64,10,123260.8247,27948.55905
0.9,fifo+topology_aware+easy_predicted,9,72,10,94635.653,22070.71963
0.9,fifo+topology_aware+easy_predicted,10,80,10,73427.9133,17060.78379
0.9,fifo+topology_aware+easy_predicted,11,88,10,51726.2535,14474.48625
0.9,fifo+topology_aware+easy_predicted,12,96,10,35679.2786,10505.86374
0.9,fifo+topology_aware+easy_predicted,13,104,10,24945.3507,9546.706497
0.9,fifo+topology_aware+easy_predicted,14,112,10,15689.1512,8041.491746
0.9,fifo+topology_aware+easy_predicted,15,120,10,9903.5672,5369.63288
0.9,fifo+topology_aware+easy_predicted,16,128,10,5906.429,3517.70591
0.9,fifo+topology_aware+easy_predicted,17,136,10,3668.3175,2186.448981
0.9,fifo+topology_aware+easy_predicted,18,144,10,2262.5968,1533.534778
0.9,fifo+topology_aware+easy_predicted,19,152,10,1343.0613,1093.667149
0.9,fifo+topology_aware+easy_predicted,20,160,10,805.8314,849.8519276
0.9,fifo+topology_aware+easy_predicted,21,168,10,388.2854,449.651545
0.9,fifo+topology_aware+easy_predicted,22,176,10,191.6861,335.3408229
0.9,fifo+topology_aware+easy_predicted,23,184,10,110.7794,221.9885877
0.9,fifo+topology_aware+easy_predicted,24,192,10,43.2109,97.74984695
0.9,fifo+topology_aware+easy_predicted,25,200,10,16.6829,37.73934173
0.9,fifo+topology_aware+easy_predicted,26,208,10,0,0
0.9,fifo+topology_aware+easy_predicted,27,216,10,0,0
0.9,fifo+topology_aware+easy_predicted,28,224,10,0,0
0.9,fifo+topology_aware+easy_predicted,29,232,10,0,0
0.9,fifo+topology_aware+easy_predicted,30,240,10,0,0
0.9,fifo+topology_aware+easy_predicted,31,248,10,0,0
0.9,fifo+topology_aware+easy_predicted,32,256,10,0,0
0.9,shortest_estimate+topology_aware+easy_predicted,8,64,10,102055.5568,16005.64243
0.9,shortest_estimate+topology_aware+easy_predicted,9,72,10,58290.0412,13723.74934
0.9,shortest_estimate+topology_aware+easy_predicted,10,80,10,21328.5664,13319.81367
0.9,shortest_estimate+topology_aware+easy_predicted,11,88,10,9411.9927,8156.160512
0.9,shortest_estimate+topology_aware+easy_predicted,12,96,10,5149.7194,3579.074367
0.9,shortest_estimate+topology_aware+easy_predicted,13,104,10,3530.4246,1192.258968
0.9,shortest_estimate+topology_aware+easy_predicted,14,112,10,2794.3996,495.3374319
0.9,shortest_estimate+topology_aware+easy_predicted,15,120,10,2213.7752,408.8577887
0.9,shortest_estimate+topology_aware+easy_predicted,16,128,10,1769.076,558.6486106
0.9,shortest_estimate+topology_aware+easy_predicted,17,136,10,1192.1929,483.5276305
0.9,shortest_estimate+topology_aware+easy_predicted,18,144,10,815.0456,609.5465676
0.9,shortest_estimate+topology_aware+easy_predicted,19,152,10,458.0997,337.4554488
0.9,shortest_estimate+topology_aware+easy_predicted,20,160,10,214.6859,232.5087713
0.9,shortest_estimate+topology_aware+easy_predicted,21,168,10,110.8445,135.2672423
0.9,shortest_estimate+topology_aware+easy_predicted,22,176,10,40.6529,82.95999147
0.9,shortest_estimate+topology_aware+easy_predicted,23,184,10,28.3599,63.69016029
0.9,shortest_estimate+topology_aware+easy_predicted,24,192,10,6.7621,15.29693295
0.9,shortest_estimate+topology_aware+easy_predicted,25,200,10,0,0
0.9,shortest_estimate+topology_aware+easy_predicted,26,208,10,0,0
0.9,shortest_estimate+topology_aware+easy_predicted,27,216,10,0,0
0.9,shortest_estimate+topology_aware+easy_predicted,28,224,10,0,0
0.9,shortest_estimate+topology_aware+easy_predicted,29,232,10,0,0
0.9,shortest_estimate+topology_aware+easy_predicted,30,240,10,0,0
0.9,shortest_estimate+topology_aware+easy_predicted,31,248,10,0,0
0.9,shortest_estimate+topology_aware+easy_predicted,32,256,10,0,0
1,fifo+first_fit+none,8,64,10,254502.6776,53536.47226
1,fifo+first_fit+none,9,72,10,203501.1969,45260.40683
1,fifo+first_fit+none,10,80,10,161564.1995,35356.10804
1,fifo+first_fit+none,11,88,10,127816.371,28217.19595
1,fifo+first_fit+none,12,96,10,103761.1247,24850.0854
1,fifo+first_fit+none,13,104,10,81395.3518,20873.42221
1,fifo+first_fit+none,14,112,10,63401.4377,17565.98812
1,fifo+first_fit+none,15,120,10,49425.2459,14246.62343
1,fifo+first_fit+none,16,128,10,36497.4575,12290.82487
1,fifo+first_fit+none,17,136,10,25240.6545,10398.66237
1,fifo+first_fit+none,18,144,10,16283.5304,8166.651568
1,fifo+first_fit+none,19,152,10,10644.3852,5835.014092
1,fifo+first_fit+none,20,160,10,6752.8369,4122.739013
1,fifo+first_fit+none,21,168,10,4639.1254,2327.354884
1,fifo+first_fit+none,22,176,10,3053.123,1830.155539
1,fifo+first_fit+none,23,184,10,1964.3432,1226.460973
1,fifo+first_fit+none,24,192,10,1349.9093,939.8650507
1,fifo+first_fit+none,25,200,10,848.2535,921.7669908
1,fifo+first_fit+none,26,208,10,441.114,536.3995107
1,fifo+first_fit+none,27,216,10,282.8001,462.7821191
1,fifo+first_fit+none,28,224,10,163.0557,333.6760474
1,fifo+first_fit+none,29,232,10,89.7898,203.1186392
1,fifo+first_fit+none,30,240,10,65.8504,148.963954
1,fifo+first_fit+none,31,248,10,2.9006,6.561613066
1,fifo+first_fit+none,32,256,10,0,0
1,fifo+topology_aware+easy_predicted,8,64,10,140075.4046,30080.90193
1,fifo+topology_aware+easy_predicted,9,72,10,110224.3712,24770.89812
1,fifo+topology_aware+easy_predicted,10,80,10,84117.2843,19381.06481
1,fifo+topology_aware+easy_predicted,11,88,10,67435.0868,16774.58519
1,fifo+topology_aware+easy_predicted,12,96,10,50882.7699,13485.87298
1,fifo+topology_aware+easy_predicted,13,104,10,36473.9916,11206.06563
1,fifo+topology_aware+easy_predicted,14,112,10,25092.9826,9456.009718
1,fifo+topology_aware+easy_predicted,15,120,10,17026.4323,6779.576719
1,fifo+topology_aware+easy_predicted,16,128,10,11539.7024,5995.039124
1,fifo+topology_aware+easy_predicted,17,136,10,7704.4446,4572.955443
1,fifo+topology_aware+easy_predicted,18,144,10,4619.0097,2757.296265
1,fifo+topology_aware+easy_predicted,19,152,10,2918.6606,1911.253164
1,fifo+topology_aware+easy_predicted,20,160,10,1836.926,1323.812109
1,fifo+topology_aware+easy_predicted,21,168,10,1069.8317,942.3044633
1,fifo+topology_aware+easy_predicted,22,176,10,657.974,694.3224423
1,fifo+topology_aware+easy_predicted,23,184,10,355.1325,470.1185096
1,fifo+topology_aware+easy_predicted,24,192,10,163.8019,265.5463166
1,fifo+topology_aware+easy_predicted,25,200,10,73.3913,130.5556472
1,fifo+topology_aware+easy_predicted,26,208,10,57.6184,130.3418763
1,fifo+topology_aware+easy_predicted,27,216,10,24.0014,54.29493893
1,fifo+topology_aware+easy_predicted,28,224,10,0,0
1,fifo+topology_aware+easy_predicted,29,232,10,0,0
1,fifo+topology_aware+easy_predicted,30,240,10,0,0
1,fifo+topology_aware+easy_predicted,31,248,10,0,0
1,fifo+topology_aware+easy_predicted,32,256,10,0,0
1,shortest_estimate+topology_aware+easy_predicted,8,64,10,121027.7581,16641.48101
1,shortest_estimate+topology_aware+easy_predicted,9,72,10,93218.0829,11350.8943
1,shortest_estimate+topology_aware+easy_predicted,10,80,10,52836.8921,11647.63103
1,shortest_estimate+topology_aware+easy_predicted,11,88,10,19603.2916,11756.60464
1,shortest_estimate+topology_aware+easy_predicted,12,96,10,8669.0841,6721.113863
1,shortest_estimate+topology_aware+easy_predicted,13,104,10,6170.4382,5211.254118
1,shortest_estimate+topology_aware+easy_predicted,14,112,10,3439.618,1281.046496
1,shortest_estimate+topology_aware+easy_predicted,15,120,10,3583.5894,1647.226954
1,shortest_estimate+topology_aware+easy_predicted,16,128,10,2196.307,408.7145857
1,shortest_estimate+topology_aware+easy_predicted,17,136,10,1858.2531,424.9817879
1,shortest_estimate+topology_aware+easy_predicted,18,144,10,1480.4588,559.8293362
1,shortest_estimate+topology_aware+easy_predicted,19,152,10,1081.8529,613.2007901
1,shortest_estimate+topology_aware+easy_predicted,20,160,10,629.3361,464.2449885
1,shortest_estimate+topology_aware+easy_predicted,21,168,10,340.5356,263.2684899
1,shortest_estimate+topology_aware+easy_predicted,22,176,10,208.8808,228.5161793
1,shortest_estimate+topology_aware+easy_predicted,23,184,10,100.0404,134.1755955
1,shortest_estimate+topology_aware+easy_predicted,24,192,10,59.2758,106.1165388
1,shortest_estimate+topology_aware+easy_predicted,25,200,10,23.0176,47.66983894
1,shortest_estimate+topology_aware+easy_predicted,26,208,10,3.0702,6.945274921
1,shortest_estimate+topology_aware+easy_predicted,27,216,10,0,0
1,shortest_estimate+topology_aware+easy_predicted,28,224,10,0,0
1,shortest_estimate+topology_aware+easy_predicted,29,232,10,0,0
1,shortest_estimate+topology_aware+easy_predicted,30,240,10,0,0
1,shortest_estimate+topology_aware+easy_predicted,31,248,10,0,0
1,shortest_estimate+topology_aware+easy_predicted,32,256,10,0,0
