scenario,term,policies,spread,noise,verdict
s1-load60,J_slowdown,12,0.7928988529,0.07001427634,informative
s1-load60,J_wait,12,0.9738936307,0.1299968796,informative
s1-load60,J_waste,12,0.03009669021,0.007380737423,informative
s1-load60,J_slo,12,0.03129028269,0.004981625146,informative
s1-load60,J_fairness,12,0.03957687562,0.004470959953,informative
s1-load80,J_slowdown,12,0.9524029673,0.07046830588,informative
s1-load80,J_wait,12,0.8987866017,0.1313687826,informative
s1-load80,J_waste,12,0.01629906731,0.006885872312,informative
s1-load80,J_slo,12,0.3932551145,0.03560880096,informative
s1-load80,J_fairness,12,0.110961287,0.01976234169,informative
s1-load95,J_slowdown,12,0.9791812513,0.06904257941,informative
s1-load95,J_wait,12,0.9253072906,0.1289340312,informative
s1-load95,J_waste,12,0.0130498144,0.00699462498,informative
s1-load95,J_slo,12,0.8133152021,0.03809885589,informative
s1-load95,J_fairness,12,0.1301083343,0.01703417402,informative
s2-80-exact,J_slowdown,6,0.9513077569,0.123518905,informative
s2-80-exact,J_wait,6,0.8922587886,0.1894622184,informative
s2-80-exact,J_waste,6,0.01295881951,0.007393848175,informative
s2-80-exact,J_slo,6,0.3784716774,0.05983913325,informative
s2-80-exact,J_fairness,6,0.1097029466,0.01589655843,informative
s2-80-lognormal,J_slowdown,6,0.9513279481,0.1233775947,informative
s2-80-lognormal,J_wait,6,0.8992609801,0.188346998,informative
s2-80-lognormal,J_waste,6,0.01300705446,0.007411033794,informative
s2-80-lognormal,J_slo,6,0.3798868735,0.05753706728,informative
s2-80-lognormal,J_fairness,6,0.1084300757,0.01682813442,informative
s2-80-user,J_slowdown,6,0.9475780166,0.1273357716,informative
s2-80-user,J_wait,6,0.8811442399,0.2197094955,informative
s2-80-user,J_waste,6,0.01145683516,0.008067241684,informative
s2-80-user,J_slo,6,0.3793199456,0.06244996362,informative
s2-80-user,J_fairness,6,0.1089508426,0.01573143241,informative
s2-95-exact,J_slowdown,6,0.9791812513,0.1137579997,informative
s2-95-exact,J_wait,6,0.9253072906,0.1461481204,informative
s2-95-exact,J_waste,6,0.006805587353,0.00735742546,NOT informative
s2-95-exact,J_slo,6,0.8133152021,0.03153562851,informative
s2-95-exact,J_fairness,6,0.129924201,0.01066507643,informative
s2-95-lognormal,J_slowdown,6,0.9765785786,0.1148687432,informative
s2-95-lognormal,J_wait,6,0.9118351084,0.1616144707,informative
s2-95-lognormal,J_waste,6,0.01171898878,0.006197215883,informative
s2-95-lognormal,J_slo,6,0.8134371187,0.03031979548,informative
s2-95-lognormal,J_fairness,6,0.1268011649,0.01623581805,informative
s2-95-user,J_slowdown,6,0.9740671588,0.1166225789,informative
s2-95-user,J_wait,6,0.9095328735,0.1944816394,informative
s2-95-user,J_waste,6,0.007468710059,0.006362883841,informative
s2-95-user,J_slo,6,0.8053628292,0.03145449462,informative
s2-95-user,J_fairness,6,0.1245218066,0.01854095906,informative
s3-stream,J_slowdown,5,0.9717973263,0.1582383923,informative
s3-stream,J_wait,5,0.9148792904,0.1590364471,informative
s3-stream,J_waste,5,0.01608016781,0.009904156268,informative
s3-stream,J_slo,5,0.6372122798,0.04337347009,informative
s3-stream,J_fairness,5,0.1299187986,0.01135613938,informative
s3-batch,J_slowdown,5,0.9546075783,0.1323946183,informative
s3-batch,J_wait,5,0.5077007455,0.1751441606,informative
s3-batch,J_waste,5,0.02086793514,0.01726560845,informative
s3-batch,J_slo,5,0.483755052,0.07602388455,informative
s3-batch,J_fairness,5,0.1610481951,0.02514360888,informative
s4-hetero,J_slowdown,5,0.9885209182,0.1507712019,informative
s4-hetero,J_wait,5,0.9618919655,0.1332269596,informative
s4-hetero,J_waste,5,0.08465033065,0.01554475557,informative
s4-hetero,J_slo,5,0.8936666858,0.02943463826,informative
s4-hetero,J_fairness,5,0.1369366641,0.01752667391,informative
s5-tenants,J_slowdown,4,0.9101490566,0.1890805679,informative
s5-tenants,J_wait,4,0.7566428312,0.2659382919,informative
s5-tenants,J_waste,4,0.01579123742,0.00528008164,informative
s5-tenants,J_slo,4,0.3857285773,0.08274749923,informative
s5-tenants,J_fairness,4,0.09219434355,0.03692505798,informative
s6-ckpt-none,J_slowdown,4,0.8643542313,0.3819040116,informative
s6-ckpt-none,J_wait,4,0.497733208,0.669333712,NOT informative
s6-ckpt-none,J_waste,4,0.05039652972,0.01470708367,informative
s6-ckpt-none,J_slo,4,0.5763238578,0.1511341835,informative
s6-ckpt-none,J_fairness,4,0.08139325043,0.03316408002,informative
s6-ckpt-short,J_slowdown,4,0.9159695446,0.3735129211,informative
s6-ckpt-short,J_wait,4,0.5017458065,0.6740379312,NOT informative
s6-ckpt-short,J_waste,4,0.01217738187,0.008224081435,informative
s6-ckpt-short,J_slo,4,0.5966064523,0.156992646,informative
s6-ckpt-short,J_fairness,4,0.08238608558,0.03976727095,informative
s6-ckpt-long,J_slowdown,4,0.8752964836,0.3767507798,informative
s6-ckpt-long,J_wait,4,0.5017458065,0.6831244857,NOT informative
s6-ckpt-long,J_waste,4,0.01226316759,0.008385377243,informative
s6-ckpt-long,J_slo,4,0.5600001368,0.1581178773,informative
s6-ckpt-long,J_fairness,4,0.08779885654,0.03733973796,informative
s7-bursty,J_slowdown,12,0.9639342564,0.09114552776,informative
s7-bursty,J_wait,12,0.8523660267,0.1960203675,informative
s7-bursty,J_waste,12,0.01706286252,0.008648929521,informative
s7-bursty,J_slo,12,0.5371547923,0.05578925352,informative
s7-bursty,J_fairness,12,0.1256698178,0.01738674662,informative
s7-diurnal,J_slowdown,12,0.9656819689,0.04804757518,informative
s7-diurnal,J_wait,12,0.8875039725,0.1252246579,informative
s7-diurnal,J_waste,12,0.01348031166,0.007368301695,informative
s7-diurnal,J_slo,12,0.6469663866,0.02741315402,informative
s7-diurnal,J_fairness,12,0.1245435534,0.01560478461,informative
s9-online,J_slowdown,5,0.9452426051,0.1739705002,informative
s9-online,J_wait,5,0.7543417347,0.3763502135,informative
s9-online,J_waste,5,0.0548286375,0.03763650084,informative
s9-online,J_slo,5,0.574853157,0.09818193716,informative
s9-online,J_fairness,5,0.1087806785,0.06841965901,informative
s10-lognormal,J_slowdown,6,0.9699672528,0.1239988365,informative
s10-lognormal,J_wait,6,0.9036683967,0.161493599,informative
s10-lognormal,J_waste,6,0.01235540082,0.006598911626,informative
s10-lognormal,J_slo,6,0.640535063,0.04746866219,informative
s10-lognormal,J_fairness,6,0.1214568067,0.02019783691,informative
s10-user,J_slowdown,6,0.9669255321,0.1260594229,informative
s10-user,J_wait,6,0.8957785875,0.1640767748,informative
s10-user,J_waste,6,0.01191155798,0.006525484981,informative
s10-user,J_slo,6,0.6376790819,0.04933330887,informative
s10-user,J_fairness,6,0.1181233728,0.02178624879,informative
s11-online,J_slowdown,6,0.9329153182,0.1561934238,informative
s11-online,J_wait,6,0.6912354041,0.3192781102,informative
s11-online,J_waste,6,0.04510290654,0.03795003246,informative
s11-online,J_slo,6,0.5674457496,0.09194033896,informative
s11-online,J_fairness,6,0.121261675,0.06182998995,informative
s12-hetero-free,J_slowdown,5,0.9849667037,0.1451882932,informative
s12-hetero-free,J_wait,5,0.9363411531,0.1562272798,informative
s12-hetero-free,J_waste,5,0.1612814356,0.01904524212,informative
s12-hetero-free,J_slo,5,0.8092816884,0.03369792795,informative
s12-hetero-free,J_fairness,5,0.1335914024,0.01580152852,informative
s12-hetero-pinned,J_slowdown,5,0.9900798632,0.1508401617,informative
s12-hetero-pinned,J_wait,5,0.9641307207,0.1329265525,informative
s12-hetero-pinned,J_waste,5,0.1213526489,0.01439388944,informative
s12-hetero-pinned,J_slo,5,0.8936666858,0.02922588818,informative
s12-hetero-pinned,J_fairness,5,0.1408262159,0.01441373503,informative
s14-quota,J_slowdown,6,0.9530579341,0.1655938925,informative
s14-quota,J_wait,6,6.155353956,1.39564508,informative
s14-quota,J_waste,6,0.03965073795,0.006084849939,informative
s14-quota,J_slo,6,0.3823522111,0.05962142737,informative
s14-quota,J_fairness,6,0.3146703694,0.0479938077,informative
s15-fail-ckpt-none,J_slowdown,3,0.9658241454,0.2476524137,informative
s15-fail-ckpt-none,J_wait,3,0.906070507,0.2515290997,informative
s15-fail-ckpt-none,J_waste,3,0,0,does not apply (0)
s15-fail-ckpt-none,J_slo,3,0.5567716146,0.09149972798,informative
s15-fail-ckpt-none,J_fairness,3,0.1200201688,0.02841878831,informative
s15-fail-ckpt-short,J_slowdown,3,0.9560642251,0.2386341132,informative
s15-fail-ckpt-short,J_wait,3,0.8966117918,0.2613646206,informative
s15-fail-ckpt-short,J_waste,3,0.01505780848,0.008834963207,informative
s15-fail-ckpt-short,J_slo,3,0.4287981686,0.1024573802,informative
s15-fail-ckpt-short,J_fairness,3,0.1124519672,0.02229458795,informative
s15-fail-ckpt-long,J_slowdown,3,0.9591518484,0.1772329454,informative
s15-fail-ckpt-long,J_wait,3,0.8927989857,0.2100390282,informative
s15-fail-ckpt-long,J_waste,3,0.01920919951,0.01305051293,informative
s15-fail-ckpt-long,J_slo,3,0.4972368678,0.08326436786,informative
s15-fail-ckpt-long,J_fairness,3,0.1154245656,0.0210932319,informative
s13-helios-venus,J_slowdown,8,0.999926655,0.0007872236406,informative
s13-helios-venus,J_wait,8,1,0.003105769208,informative
s13-helios-venus,J_waste,8,0,0,does not apply (0)
s13-helios-venus,J_slo,8,0,0,does not apply (0)
s13-helios-venus,J_fairness,8,0.5543218997,0.01227462133,informative
