scenario,policy,seed,wall_decide_mean_s,wall_decide_p95_s,wall_decide_max_s
s7-bursty,drf+topology_aware+easy_predicted,1,5.019498069e-05,0.0005033,0.0120448
s7-bursty,drf+topology_aware+easy_predicted,2,4.550702306e-05,0.0005037,0.0037062
s7-bursty,drf+topology_aware+easy_predicted,3,3.522476452e-05,0,0.0120448
s7-bursty,drf+topology_aware+easy_predicted,4,4.836845298e-05,0.0005031,0.00491
s7-bursty,drf+topology_aware+easy_predicted,5,4.431432574e-05,0.0004498,0.0047064
s7-bursty,drf+topology_aware+easy_predicted,6,3.918770865e-05,0,0.0029163
s7-bursty,drf+topology_aware+easy_predicted,7,2.894551876e-05,0,0.0038978
s7-bursty,drf+topology_aware+easy_predicted,8,8.093473132e-05,0.0005742,0.0057649
s7-bursty,drf+topology_aware+easy_predicted,9,4.060832055e-05,0,0.0067084
s7-bursty,drf+topology_aware+easy_predicted,10,4.119186938e-05,0.0003142,0.009355
s7-bursty,drf+topology_aware+easy_predicted,11,4.076024279e-05,0,0.0075235
s7-bursty,drf+topology_aware+easy_predicted,12,5.423213082e-05,0.0005079,0.0119001
s7-bursty,drf+topology_aware+easy_predicted,13,6.198587496e-05,0.0005198,0.0040189
s7-bursty,drf+topology_aware+easy_predicted,14,3.690113929e-05,0,0.0066836
s7-bursty,drf+topology_aware+easy_predicted,15,6.742458404e-05,0.0005201,0.0057806
s7-bursty,drf+topology_aware+easy_predicted,16,9.649828947e-05,0.0006532,0.0122483
s7-bursty,drf+topology_aware+easy_predicted,17,3.522030928e-05,0,0.0023398
s7-bursty,drf+topology_aware+easy_predicted,18,4.090846634e-05,0.0003936,0.0030052
s7-bursty,drf+topology_aware+easy_predicted,19,2.990165512e-05,0,0.0129001
s7-bursty,drf+topology_aware+easy_predicted,20,3.553848618e-05,0,0.0016371
s7-bursty,fifo+first_fit+none,1,1.63695122e-05,0,0.0039994
s7-bursty,fifo+first_fit+none,2,1.367884813e-05,0,0.0073739
s7-bursty,fifo+first_fit+none,3,8.807074202e-06,0,0.0015171
s7-bursty,fifo+first_fit+none,4,1.398142527e-05,0,0.0015039
s7-bursty,fifo+first_fit+none,5,1.419786382e-05,0,0.0061253
s7-bursty,fifo+first_fit+none,6,1.194994467e-05,0,0.0015171
s7-bursty,fifo+first_fit+none,7,9.618949672e-06,0,0.0010085
s7-bursty,fifo+first_fit+none,8,2.848843366e-05,0,0.0095449
s7-bursty,fifo+first_fit+none,9,1.044862212e-05,0,0.0010587
s7-bursty,fifo+first_fit+none,10,1.236596692e-05,0,0.0015118
s7-bursty,fifo+first_fit+none,11,1.15895572e-05,0,0.0015215
s7-bursty,fifo+first_fit+none,12,1.317396061e-05,0,0.0035102
s7-bursty,fifo+first_fit+none,13,2.148940313e-05,0,0.0125486
s7-bursty,fifo+first_fit+none,14,1.059891028e-05,0,0.0015262
s7-bursty,fifo+first_fit+none,15,1.252598039e-05,0,0.0015076
s7-bursty,fifo+first_fit+none,16,2.698828047e-05,0,0.0020068
s7-bursty,fifo+first_fit+none,17,1.46029106e-05,0,0.0115432
s7-bursty,fifo+first_fit+none,18,2.007778502e-05,0,0.0095453
s7-bursty,fifo+first_fit+none,19,1.067251667e-05,0,0.0065137
s7-bursty,fifo+first_fit+none,20,2.128248679e-05,0,0.0042348
s7-bursty,fifo+topology_aware+easy_predicted,1,4.110551615e-05,0,0.0050008
s7-bursty,fifo+topology_aware+easy_predicted,2,6.74136202e-05,0.0005264,0.0095449
s7-bursty,fifo+topology_aware+easy_predicted,3,3.382587808e-05,0,0.0095449
s7-bursty,fifo+topology_aware+easy_predicted,4,3.921309937e-05,0,0.0050184
s7-bursty,fifo+topology_aware+easy_predicted,5,3.310542015e-05,0,0.0040005
s7-bursty,fifo+topology_aware+easy_predicted,6,3.656365061e-05,0,0.0035181
s7-bursty,fifo+topology_aware+easy_predicted,7,3.439262295e-05,0,0.0039976
s7-bursty,fifo+topology_aware+easy_predicted,8,6.663270159e-05,0.0006368,0.0100197
s7-bursty,fifo+topology_aware+easy_predicted,9,4.749273302e-05,0,0.0075436
s7-bursty,fifo+topology_aware+easy_predicted,10,4.421445166e-05,0,0.0110268
s7-bursty,fifo+topology_aware+easy_predicted,11,3.684323459e-05,0,0.0060206
s7-bursty,fifo+topology_aware+easy_predicted,12,6.453949001e-05,0.0005171,0.0086328
s7-bursty,fifo+topology_aware+easy_predicted,13,5.694736477e-05,0.0005039,0.0075208
s7-bursty,fifo+topology_aware+easy_predicted,14,4.459397544e-05,0,0.0165639
s7-bursty,fifo+topology_aware+easy_predicted,15,7.958263913e-05,0.0009987,0.0086328
s7-bursty,fifo+topology_aware+easy_predicted,16,8.446529062e-05,0.0009995,0.0040341
s7-bursty,fifo+topology_aware+easy_predicted,17,5.016143012e-05,0,0.0086328
s7-bursty,fifo+topology_aware+easy_predicted,18,4.5760387e-05,0,0.0030008
s7-bursty,fifo+topology_aware+easy_predicted,19,3.389175868e-05,0,0.0030153
s7-bursty,fifo+topology_aware+easy_predicted,20,5.247130118e-05,0.0005058,0.0030008
s7-bursty,priority+topology_aware+easy_predicted,1,5.013869836e-05,0,0.0121197
s7-bursty,priority+topology_aware+easy_predicted,2,5.67147929e-05,0.0005055,0.0040341
s7-bursty,priority+topology_aware+easy_predicted,3,3.393517628e-05,0,0.0121197
s7-bursty,priority+topology_aware+easy_predicted,4,4.626358108e-05,0,0.0050315
s7-bursty,priority+topology_aware+easy_predicted,5,3.558862745e-05,0,0.0020097
s7-bursty,priority+topology_aware+easy_predicted,6,3.789890027e-05,0,0.0086328
s7-bursty,priority+topology_aware+easy_predicted,7,3.13471905e-05,0,0.0086328
s7-bursty,priority+topology_aware+easy_predicted,8,6.39452317e-05,0.0005209,0.0049076
s7-bursty,priority+topology_aware+easy_predicted,9,3.813681534e-05,0,0.0055175
s7-bursty,priority+topology_aware+easy_predicted,10,5.130711382e-05,0,0.010539
s7-bursty,priority+topology_aware+easy_predicted,11,3.796873294e-05,0,0.0035128
s7-bursty,priority+topology_aware+easy_predicted,12,4.782273973e-05,0.0003851,0.0040112
s7-bursty,priority+topology_aware+easy_predicted,13,5.618369453e-05,0.0005036,0.008621
s7-bursty,priority+topology_aware+easy_predicted,14,3.345104712e-05,0,0.010539
s7-bursty,priority+topology_aware+easy_predicted,15,7.138216447e-05,0.0005311,0.0096208
s7-bursty,priority+topology_aware+easy_predicted,16,9.360836352e-05,0.0009989,0.0111335
s7-bursty,priority+topology_aware+easy_predicted,17,3.106296557e-05,0,0.005194
s7-bursty,priority+topology_aware+easy_predicted,18,4.478344803e-05,0,0.010539
s7-bursty,priority+topology_aware+easy_predicted,19,3.53282211e-05,0,0.0025057
s7-bursty,priority+topology_aware+easy_predicted,20,5.936502189e-05,0.000504,0.0107898
s7-bursty,shortest_estimate+best_fit+easy_predicted,1,3.072123687e-05,0,0.0080157
s7-bursty,shortest_estimate+best_fit+easy_predicted,2,2.709863732e-05,0,0.0040787
s7-bursty,shortest_estimate+best_fit+easy_predicted,3,2.728933809e-05,0,0.0100199
s7-bursty,shortest_estimate+best_fit+easy_predicted,4,3.119726758e-05,0,0.0019992
s7-bursty,shortest_estimate+best_fit+easy_predicted,5,3.151623961e-05,0,0.0090136
s7-bursty,shortest_estimate+best_fit+easy_predicted,6,3.67899663e-05,0,0.0110227
s7-bursty,shortest_estimate+best_fit+easy_predicted,7,2.185842601e-05,0,0.0017055
s7-bursty,shortest_estimate+best_fit+easy_predicted,8,3.656674289e-05,0,0.005016
s7-bursty,shortest_estimate+best_fit+easy_predicted,9,3.160174486e-05,0,0.0110227
s7-bursty,shortest_estimate+best_fit+easy_predicted,10,3.408295381e-05,0,0.0110227
s7-bursty,shortest_estimate+best_fit+easy_predicted,11,2.379875566e-05,0,0.0025139
s7-bursty,shortest_estimate+best_fit+easy_predicted,12,3.377679434e-05,0,0.0065196
s7-bursty,shortest_estimate+best_fit+easy_predicted,13,3.538708641e-05,0,0.0085136
s7-bursty,shortest_estimate+best_fit+easy_predicted,14,2.581986828e-05,0,0.0040142
s7-bursty,shortest_estimate+best_fit+easy_predicted,15,3.396192031e-05,0,0.0065158
s7-bursty,shortest_estimate+best_fit+easy_predicted,16,3.040573689e-05,0,0.004514
s7-bursty,shortest_estimate+best_fit+easy_predicted,17,3.031960924e-05,0,0.0035083
s7-bursty,shortest_estimate+best_fit+easy_predicted,18,2.518521441e-05,0,0.002001
s7-bursty,shortest_estimate+best_fit+easy_predicted,19,2.623152542e-05,0,0.0035083
s7-bursty,shortest_estimate+best_fit+easy_predicted,20,2.805057563e-05,0,0.0020114
s7-bursty,shortest_estimate+first_fit+easy_predicted,1,2.235021293e-05,0,0.0084201
s7-bursty,shortest_estimate+first_fit+easy_predicted,2,2.475138743e-05,0,0.0074192
s7-bursty,shortest_estimate+first_fit+easy_predicted,3,1.637172196e-05,0,0.0037199
s7-bursty,shortest_estimate+first_fit+easy_predicted,4,2.086306033e-05,0,0.0074925
s7-bursty,shortest_estimate+first_fit+easy_predicted,5,1.975688105e-05,0,0.0067919
s7-bursty,shortest_estimate+first_fit+easy_predicted,6,2.056935603e-05,0,0.0025128
s7-bursty,shortest_estimate+first_fit+easy_predicted,7,1.250954048e-05,0,0.0010059
s7-bursty,shortest_estimate+first_fit+easy_predicted,8,2.951979301e-05,0,0.0059799
s7-bursty,shortest_estimate+first_fit+easy_predicted,9,1.904115646e-05,0,0.0032258
s7-bursty,shortest_estimate+first_fit+easy_predicted,10,2.020252396e-05,0,0.0046007
s7-bursty,shortest_estimate+first_fit+easy_predicted,11,1.422822789e-05,0,0.003962
s7-bursty,shortest_estimate+first_fit+easy_predicted,12,2.136326465e-05,0,0.0025229
s7-bursty,shortest_estimate+first_fit+easy_predicted,13,3.018377408e-05,0,0.0104018
s7-bursty,shortest_estimate+first_fit+easy_predicted,14,1.807722162e-05,0,0.0018922
s7-bursty,shortest_estimate+first_fit+easy_predicted,15,2.843239621e-05,0,0.0120198
s7-bursty,shortest_estimate+first_fit+easy_predicted,16,2.506628327e-05,0,0.0049243
s7-bursty,shortest_estimate+first_fit+easy_predicted,17,2.643528184e-05,0,0.0049243
s7-bursty,shortest_estimate+first_fit+easy_predicted,18,2.216872186e-05,0,0.0045832
s7-bursty,shortest_estimate+first_fit+easy_predicted,19,2.161001855e-05,0,0.0040787
s7-bursty,shortest_estimate+first_fit+easy_predicted,20,3.071171813e-05,0,0.0100199
s7-bursty,shortest_estimate+least_fragmentation+easy_predicted,1,3.039798528e-05,0,0.0065158
s7-bursty,shortest_estimate+least_fragmentation+easy_predicted,2,2.636698995e-05,0,0.0030071
s7-bursty,shortest_estimate+least_fragmentation+easy_predicted,3,2.561927758e-05,0,0.0015153
s7-bursty,shortest_estimate+least_fragmentation+easy_predicted,4,3.559389439e-05,0,0.0099135
s7-bursty,shortest_estimate+least_fragmentation+easy_predicted,5,3.284872422e-05,0,0.0089142
s7-bursty,shortest_estimate+least_fragmentation+easy_predicted,6,2.490357409e-05,0,0.0021745
s7-bursty,shortest_estimate+least_fragmentation+easy_predicted,7,3.171891419e-05,0,0.0109138
s7-bursty,shortest_estimate+least_fragmentation+easy_predicted,8,3.6297862e-05,0,0.0045251
s7-bursty,shortest_estimate+least_fragmentation+easy_predicted,9,2.833648807e-05,0,0.0045251
s7-bursty,shortest_estimate+least_fragmentation+easy_predicted,10,3.648300675e-05,0,0.0050344
s7-bursty,shortest_estimate+least_fragmentation+easy_predicted,11,3.00400075e-05,0,0.0048972
s7-bursty,shortest_estimate+least_fragmentation+easy_predicted,12,3.903365696e-05,0,0.0079138
s7-bursty,shortest_estimate+least_fragmentation+easy_predicted,13,3.40607072e-05,0,0.0037218
s7-bursty,shortest_estimate+least_fragmentation+easy_predicted,14,3.187380251e-05,0,0.0045251
s7-bursty,shortest_estimate+least_fragmentation+easy_predicted,15,3.403253652e-05,0,0.0030006
s7-bursty,shortest_estimate+least_fragmentation+easy_predicted,16,3.822950658e-05,0,0.0067737
s7-bursty,shortest_estimate+least_fragmentation+easy_predicted,17,3.012046784e-05,0,0.0087748
s7-bursty,shortest_estimate+least_fragmentation+easy_predicted,18,4.055241282e-05,0,0.0087748
s7-bursty,shortest_estimate+least_fragmentation+easy_predicted,19,3.632998102e-05,0,0.0087748
s7-bursty,shortest_estimate+least_fragmentation+easy_predicted,20,3.30800476e-05,0,0.00351
s7-bursty,shortest_estimate+topology_aware+conservative,1,0.0002197511814,0.0010058,0.0151223
s7-bursty,shortest_estimate+topology_aware+conservative,2,0.0003592380778,0.0015097,0.0132434
s7-bursty,shortest_estimate+topology_aware+conservative,3,0.0002577294784,0.0015053,0.015032
s7-bursty,shortest_estimate+topology_aware+conservative,4,0.0005578653465,0.0025245,0.0172483
s7-bursty,shortest_estimate+topology_aware+conservative,5,0.0002570523044,0.0015037,0.014032
s7-bursty,shortest_estimate+topology_aware+conservative,6,0.0002630806464,0.0015034,0.0163582
s7-bursty,shortest_estimate+topology_aware+conservative,7,0.0001735531674,0.0010057,0.0132434
s7-bursty,shortest_estimate+topology_aware+conservative,8,0.0008552419791,0.0030274,0.0180136
s7-bursty,shortest_estimate+topology_aware+conservative,9,0.000257676134,0.0015053,0.0143516
s7-bursty,shortest_estimate+topology_aware+conservative,10,0.0004648740665,0.0020043,0.0165575
s7-bursty,shortest_estimate+topology_aware+conservative,11,0.0002126006352,0.0010067,0.0105516
s7-bursty,shortest_estimate+topology_aware+conservative,12,0.0006796385922,0.0030011,0.0145847
s7-bursty,shortest_estimate+topology_aware+conservative,13,0.0004147699725,0.001517,0.0144862
s7-bursty,shortest_estimate+topology_aware+conservative,14,0.0003780697373,0.0020046,0.0231549
s7-bursty,shortest_estimate+topology_aware+conservative,15,0.001137582026,0.0042031,0.0155509
s7-bursty,shortest_estimate+topology_aware+conservative,16,0.0006922815492,0.0025097,0.0128718
s7-bursty,shortest_estimate+topology_aware+conservative,17,0.0002705646363,0.0015036,0.0111232
s7-bursty,shortest_estimate+topology_aware+conservative,18,0.0003162116431,0.001508,0.0125258
s7-bursty,shortest_estimate+topology_aware+conservative,19,0.0001548534015,0.0010028,0.0115129
s7-bursty,shortest_estimate+topology_aware+conservative,20,0.0003974909675,0.0015418,0.0150379
s7-bursty,shortest_estimate+topology_aware+easy,1,2.711293239e-05,0,0.0066581
s7-bursty,shortest_estimate+topology_aware+easy,2,3.924525316e-05,0,0.011652
s7-bursty,shortest_estimate+topology_aware+easy,3,2.840620278e-05,0,0.0096653
s7-bursty,shortest_estimate+topology_aware+easy,4,3.550623333e-05,0,0.0041512
s7-bursty,shortest_estimate+topology_aware+easy,5,3.084843914e-05,0,0.0118669
s7-bursty,shortest_estimate+topology_aware+easy,6,2.997566016e-05,0,0.0035829
s7-bursty,shortest_estimate+topology_aware+easy,7,2.373387097e-05,0,0.0076081
s7-bursty,shortest_estimate+topology_aware+easy,8,5.894322453e-05,0.0005045,0.0111797
s7-bursty,shortest_estimate+topology_aware+easy,9,2.944772996e-05,0,0.0118669
s7-bursty,shortest_estimate+topology_aware+easy,10,3.795664928e-05,0,0.0066015
s7-bursty,shortest_estimate+topology_aware+easy,11,2.950169036e-05,0,0.004026
s7-bursty,shortest_estimate+topology_aware+easy,12,3.297487554e-05,0,0.0050823
s7-bursty,shortest_estimate+topology_aware+easy,13,3.655312925e-05,0,0.0054093
s7-bursty,shortest_estimate+topology_aware+easy,14,3.196376757e-05,0,0.011027
s7-bursty,shortest_estimate+topology_aware+easy,15,4.923167513e-05,0.0005038,0.0111377
s7-bursty,shortest_estimate+topology_aware+easy,16,4.037053188e-05,0.0003454,0.0086636
s7-bursty,shortest_estimate+topology_aware+easy,17,2.548075687e-05,0,0.0019383
s7-bursty,shortest_estimate+topology_aware+easy,18,3.464806283e-05,0,0.0066015
s7-bursty,shortest_estimate+topology_aware+easy,19,2.191898635e-05,0,0.0024872
s7-bursty,shortest_estimate+topology_aware+easy,20,3.715583067e-05,0,0.0076336
s7-bursty,shortest_estimate+topology_aware+easy_oracle,1,2.410129717e-05,0,0.0025098
s7-bursty,shortest_estimate+topology_aware+easy_oracle,2,3.427651195e-05,0,0.0040177
s7-bursty,shortest_estimate+topology_aware+easy_oracle,3,2.889900596e-05,0,0.0055048
s7-bursty,shortest_estimate+topology_aware+easy_oracle,4,3.999426667e-05,0,0.0092181
s7-bursty,shortest_estimate+topology_aware+easy_oracle,5,2.654584356e-05,0,0.0045096
s7-bursty,shortest_estimate+topology_aware+easy_oracle,6,2.587003444e-05,0,0.0020051
s7-bursty,shortest_estimate+topology_aware+easy_oracle,7,2.819090502e-05,0,0.0020038
s7-bursty,shortest_estimate+topology_aware+easy_oracle,8,4.297045829e-05,0,0.0048327
s7-bursty,shortest_estimate+topology_aware+easy_oracle,9,2.445234899e-05,0,0.0050004
s7-bursty,shortest_estimate+topology_aware+easy_oracle,10,3.791756845e-05,0,0.0060212
s7-bursty,shortest_estimate+topology_aware+easy_oracle,11,2.786454091e-05,0,0.0050053
s7-bursty,shortest_estimate+topology_aware+easy_oracle,12,4.092167275e-05,0,0.0055162
s7-bursty,shortest_estimate+topology_aware+easy_oracle,13,4.396765306e-05,0,0.0110213
s7-bursty,shortest_estimate+topology_aware+easy_oracle,14,2.887170528e-05,0,0.0035155
s7-bursty,shortest_estimate+topology_aware+easy_oracle,15,5.024023689e-05,0,0.0122242
s7-bursty,shortest_estimate+topology_aware+easy_oracle,16,4.059947142e-05,0,0.0031992
s7-bursty,shortest_estimate+topology_aware+easy_oracle,17,3.344798286e-05,0,0.0089584
s7-bursty,shortest_estimate+topology_aware+easy_oracle,18,4.424670157e-05,0,0.012846
s7-bursty,shortest_estimate+topology_aware+easy_oracle,19,3.104725146e-05,0,0.0031352
s7-bursty,shortest_estimate+topology_aware+easy_oracle,20,3.829936102e-05,0,0.0097207
s7-bursty,shortest_estimate+topology_aware+easy_predicted,1,3.204980111e-05,0,0.0025063
s7-bursty,shortest_estimate+topology_aware+easy_predicted,2,4.05373262e-05,0,0.010539
s7-bursty,shortest_estimate+topology_aware+easy_predicted,3,3.177130952e-05,0,0.011795
s7-bursty,shortest_estimate+topology_aware+easy_predicted,4,3.456220208e-05,0,0.003514
s7-bursty,shortest_estimate+topology_aware+easy_predicted,5,3.073833508e-05,0,0.0025125
s7-bursty,shortest_estimate+topology_aware+easy_predicted,6,2.843515566e-05,0,0.002028
s7-bursty,shortest_estimate+topology_aware+easy_predicted,7,2.407777778e-05,0,0.0064289
s7-bursty,shortest_estimate+topology_aware+easy_predicted,8,5.761482815e-05,0.0005036,0.0120448
s7-bursty,shortest_estimate+topology_aware+easy_predicted,9,3.977123071e-05,0,0.0059128
s7-bursty,shortest_estimate+topology_aware+easy_predicted,10,3.739459459e-05,0,0.0107898
s7-bursty,shortest_estimate+topology_aware+easy_predicted,11,3.171696668e-05,0,0.0033291
s7-bursty,shortest_estimate+topology_aware+easy_predicted,12,4.959520997e-05,0.0004718,0.0076499
s7-bursty,shortest_estimate+topology_aware+easy_predicted,13,4.224961371e-05,0,0.0070651
s7-bursty,shortest_estimate+topology_aware+easy_predicted,14,3.048519896e-05,0,0.0025111
s7-bursty,shortest_estimate+topology_aware+easy_predicted,15,4.714296641e-05,0.0005038,0.0037062
s7-bursty,shortest_estimate+topology_aware+easy_predicted,16,5.185931421e-05,0.0005092,0.006732
s7-bursty,shortest_estimate+topology_aware+easy_predicted,17,4.13060713e-05,0,0.0037062
s7-bursty,shortest_estimate+topology_aware+easy_predicted,18,4.278773814e-05,0.000462,0.0038359
s7-bursty,shortest_estimate+topology_aware+easy_predicted,19,2.624804944e-05,0,0.0062318
s7-bursty,shortest_estimate+topology_aware+easy_predicted,20,4.44744511e-05,0,0.0120448
s7-bursty,shortest_estimate+topology_aware+none,1,7.987277868e-06,0,0.0015119
s7-bursty,shortest_estimate+topology_aware+none,2,9.764983772e-06,0,0.0016233
s7-bursty,shortest_estimate+topology_aware+none,3,1.190143426e-05,0,0.0119001
s7-bursty,shortest_estimate+topology_aware+none,4,1.123000679e-05,0,0.0026428
s7-bursty,shortest_estimate+topology_aware+none,5,8.419094203e-06,0,0.0020542
s7-bursty,shortest_estimate+topology_aware+none,6,1.038287055e-05,0,0.0041514
s7-bursty,shortest_estimate+topology_aware+none,7,9.756218215e-06,0,0.0022079
s7-bursty,shortest_estimate+topology_aware+none,8,1.889399469e-05,0,0.0122483
s7-bursty,shortest_estimate+topology_aware+none,9,1.008571429e-05,0,0.0020064
s7-bursty,shortest_estimate+topology_aware+none,10,1.113307544e-05,0,0.0073637
s7-bursty,shortest_estimate+topology_aware+none,11,1.145291814e-05,0,0.0021039
s7-bursty,shortest_estimate+topology_aware+none,12,1.12592517e-05,0,0.0030173
s7-bursty,shortest_estimate+topology_aware+none,13,1.286536667e-05,0,0.0041546
s7-bursty,shortest_estimate+topology_aware+none,14,1.155884135e-05,0,0.0016234
s7-bursty,shortest_estimate+topology_aware+none,15,1.756708179e-05,0,0.0057806
s7-bursty,shortest_estimate+topology_aware+none,16,8.204836038e-06,0,0.0025292
s7-bursty,shortest_estimate+topology_aware+none,17,1.091662459e-05,0,0.0035293
s7-bursty,shortest_estimate+topology_aware+none,18,1.469950808e-05,0,0.0084151
s7-bursty,shortest_estimate+topology_aware+none,19,1.646592268e-05,0,0.0076651
s7-bursty,shortest_estimate+topology_aware+none,20,1.533581301e-05,0,0.0101719
s7-diurnal,drf+topology_aware+easy_predicted,1,4.660094946e-05,0,0.0065192
s7-diurnal,drf+topology_aware+easy_predicted,2,6.984058775e-05,0.0005179,0.0132205
s7-diurnal,drf+topology_aware+easy_predicted,3,5.601242457e-05,0.0005054,0.0118535
s7-diurnal,drf+topology_aware+easy_predicted,4,5.562792867e-05,0.0005101,0.0117116
s7-diurnal,drf+topology_aware+easy_predicted,5,7.368521146e-05,0.0005295,0.013712
s7-diurnal,drf+topology_aware+easy_predicted,6,0.000110975715,0.0009998,0.0145277
s7-diurnal,drf+topology_aware+easy_predicted,7,3.422710974e-05,0,0.011242
s7-diurnal,drf+topology_aware+easy_predicted,8,7.394393649e-05,0.0006083,0.0039901
s7-diurnal,drf+topology_aware+easy_predicted,9,5.910639583e-05,0.0005094,0.011242
s7-diurnal,drf+topology_aware+easy_predicted,10,8.007177744e-05,0.0006204,0.0132987
s7-diurnal,drf+topology_aware+easy_predicted,11,4.934039754e-05,0.0005088,0.0025179
s7-diurnal,drf+topology_aware+easy_predicted,12,6.339879716e-05,0.0005181,0.0067131
s7-diurnal,drf+topology_aware+easy_predicted,13,7.183263216e-05,0.0005325,0.0117805
s7-diurnal,drf+topology_aware+easy_predicted,14,7.180276864e-05,0.0005666,0.0132987
s7-diurnal,drf+topology_aware+easy_predicted,15,8.164972791e-05,0.0007102,0.0127788
s7-diurnal,drf+topology_aware+easy_predicted,16,0.0001075342762,0.0009996,0.0122427
s7-diurnal,drf+topology_aware+easy_predicted,17,6.023752988e-05,0.0005138,0.0117296
s7-diurnal,drf+topology_aware+easy_predicted,18,4.058761932e-05,0,0.0106743
s7-diurnal,drf+topology_aware+easy_predicted,19,3.579603081e-05,0,0.003018
s7-diurnal,drf+topology_aware+easy_predicted,20,6.192993648e-05,0.000516,0.0135417
s7-diurnal,fifo+first_fit+none,1,1.682825138e-05,0,0.0035086
s7-diurnal,fifo+first_fit+none,2,1.676672993e-05,0,0.0020076
s7-diurnal,fifo+first_fit+none,3,1.757359173e-05,0,0.0042214
s7-diurnal,fifo+first_fit+none,4,1.8026212e-05,0,0.0110428
s7-diurnal,fifo+first_fit+none,5,1.507790539e-05,0,0.0045263
s7-diurnal,fifo+first_fit+none,6,2.878766001e-05,0,0.0089995
s7-diurnal,fifo+first_fit+none,7,1.264841158e-05,0,0.0110428
s7-diurnal,fifo+first_fit+none,8,1.592289382e-05,0,0.0033276
s7-diurnal,fifo+first_fit+none,9,1.299323776e-05,0,0.0015137
s7-diurnal,fifo+first_fit+none,10,2.465369483e-05,0,0.0017214
s7-diurnal,fifo+first_fit+none,11,8.905179616e-06,0,0.0015064
s7-diurnal,fifo+first_fit+none,12,1.650114037e-05,0,0.0070064
s7-diurnal,fifo+first_fit+none,13,2.08932283e-05,0,0.0081128
s7-diurnal,fifo+first_fit+none,14,1.256879433e-05,0,0.0033276
s7-diurnal,fifo+first_fit+none,15,2.307404756e-05,0,0.0113915
s7-diurnal,fifo+first_fit+none,16,2.754763749e-05,0,0.0038313
s7-diurnal,fifo+first_fit+none,17,1.667463655e-05,0,0.0061901
s7-diurnal,fifo+first_fit+none,18,1.522132606e-05,0,0.0106395
s7-diurnal,fifo+first_fit+none,19,1.589931663e-05,0,0.0076047
s7-diurnal,fifo+first_fit+none,20,1.843931349e-05,0,0.0114935
s7-diurnal,fifo+topology_aware+easy_predicted,1,4.253335387e-05,0.0005032,0.0025075
s7-diurnal,fifo+topology_aware+easy_predicted,2,5.678157606e-05,0.0005056,0.0059078
s7-diurnal,fifo+topology_aware+easy_predicted,3,6.466430587e-05,0.0005221,0.0040998
s7-diurnal,fifo+topology_aware+easy_predicted,4,6.936843273e-05,0.00053,0.0040149
s7-diurnal,fifo+topology_aware+easy_predicted,5,7.556103753e-05,0.0006143,0.0065186
s7-diurnal,fifo+topology_aware+easy_predicted,6,0.0001033349034,0.0009998,0.0114935
s7-diurnal,fifo+topology_aware+easy_predicted,7,3.156848844e-05,0,0.0046718
s7-diurnal,fifo+topology_aware+easy_predicted,8,6.116453823e-05,0.0005112,0.0061901
s7-diurnal,fifo+topology_aware+easy_predicted,9,5.355781899e-05,0.000504,0.010779
s7-diurnal,fifo+topology_aware+easy_predicted,10,0.0001291681378,0.0010032,0.0085371
s7-diurnal,fifo+topology_aware+easy_predicted,11,7.365274943e-05,0.000693,0.0070218
s7-diurnal,fifo+topology_aware+easy_predicted,12,7.750266815e-05,0.000693,0.0109195
s7-diurnal,fifo+topology_aware+easy_predicted,13,7.255128205e-05,0.0006426,0.010779
s7-diurnal,fifo+topology_aware+easy_predicted,14,6.528774605e-05,0.0005756,0.0035186
s7-diurnal,fifo+topology_aware+easy_predicted,15,6.539735799e-05,0.0005403,0.0095189
s7-diurnal,fifo+topology_aware+easy_predicted,16,0.000120361247,0.0010011,0.0115249
s7-diurnal,fifo+topology_aware+easy_predicted,17,7.198696244e-05,0.0009988,0.0049992
s7-diurnal,fifo+topology_aware+easy_predicted,18,3.989316877e-05,0,0.0065316
s7-diurnal,fifo+topology_aware+easy_predicted,19,5.562900922e-05,0,0.0129176
s7-diurnal,fifo+topology_aware+easy_predicted,20,5.612979196e-05,0.0005041,0.0040147
s7-diurnal,priority+topology_aware+easy_predicted,1,3.811732841e-05,0,0.0065454
s7-diurnal,priority+topology_aware+easy_predicted,2,6.080651034e-05,0.0005035,0.0120464
s7-diurnal,priority+topology_aware+easy_predicted,3,5.399778386e-05,0,0.0120464
s7-diurnal,priority+topology_aware+easy_predicted,4,6.201620804e-05,0.0005055,0.0124232
s7-diurnal,priority+topology_aware+easy_predicted,5,5.684898741e-05,0.0005032,0.0099623
s7-diurnal,priority+topology_aware+easy_predicted,6,8.577977766e-05,0.0009997,0.0124232
s7-diurnal,priority+topology_aware+easy_predicted,7,2.927356948e-05,0,0.0049992
s7-diurnal,priority+topology_aware+easy_predicted,8,6.802164526e-05,0.000521,0.0124232
s7-diurnal,priority+topology_aware+easy_predicted,9,5.312321922e-05,0,0.0124232
s7-diurnal,priority+topology_aware+easy_predicted,10,8.992062012e-05,0.001,0.0120464
s7-diurnal,priority+topology_aware+easy_predicted,11,5.49582467e-05,0.0005041,0.0035878
s7-diurnal,priority+topology_aware+easy_predicted,12,6.0939761e-05,0.0005041,0.0120464
s7-diurnal,priority+topology_aware+easy_predicted,13,5.988638003e-05,0.0005125,0.0054491
s7-diurnal,priority+topology_aware+easy_predicted,14,5.682729276e-05,0.0005037,0.0075272
s7-diurnal,priority+topology_aware+easy_predicted,15,6.954512513e-05,0.0009977,0.0105403
s7-diurnal,priority+topology_aware+easy_predicted,16,9.507424552e-05,0.001,0.0104668
s7-diurnal,priority+topology_aware+easy_predicted,17,4.969877268e-05,0,0.0081685
s7-diurnal,priority+topology_aware+easy_predicted,18,4.262253886e-05,0,0.0020149
s7-diurnal,priority+topology_aware+easy_predicted,19,3.014809115e-05,0,0.0045084
s7-diurnal,priority+topology_aware+easy_predicted,20,6.055651092e-05,0.0005042,0.0105403
s7-diurnal,shortest_estimate+best_fit+easy_predicted,1,3.05351907e-05,0,0.0105323
s7-diurnal,shortest_estimate+best_fit+easy_predicted,2,3.43251581e-05,0,0.0073364
s7-diurnal,shortest_estimate+best_fit+easy_predicted,3,2.44636339e-05,0,0.002386
s7-diurnal,shortest_estimate+best_fit+easy_predicted,4,2.372267474e-05,0,0.0036559
s7-diurnal,shortest_estimate+best_fit+easy_predicted,5,4.303541838e-05,0,0.0165843
s7-diurnal,shortest_estimate+best_fit+easy_predicted,6,4.266264775e-05,0,0.0111185
s7-diurnal,shortest_estimate+best_fit+easy_predicted,7,2.067805766e-05,0,0.0029987
s7-diurnal,shortest_estimate+best_fit+easy_predicted,8,3.390830828e-05,0,0.0065221
s7-diurnal,shortest_estimate+best_fit+easy_predicted,9,3.146568467e-05,0,0.0119398
s7-diurnal,shortest_estimate+best_fit+easy_predicted,10,4.102316827e-05,0,0.0105494
s7-diurnal,shortest_estimate+best_fit+easy_predicted,11,3.173687167e-05,0,0.0055114
s7-diurnal,shortest_estimate+best_fit+easy_predicted,12,4.201153846e-05,0,0.0104315
s7-diurnal,shortest_estimate+best_fit+easy_predicted,13,3.544501926e-05,0,0.0105494
s7-diurnal,shortest_estimate+best_fit+easy_predicted,14,3.425566813e-05,0,0.0035112
s7-diurnal,shortest_estimate+best_fit+easy_predicted,15,4.059567222e-05,0,0.0089164
s7-diurnal,shortest_estimate+best_fit+easy_predicted,16,4.134059709e-05,0,0.01005
s7-diurnal,shortest_estimate+best_fit+easy_predicted,17,3.436968557e-05,0,0.0078776
s7-diurnal,shortest_estimate+best_fit+easy_predicted,18,3.091914277e-05,0,0.0105494
s7-diurnal,shortest_estimate+best_fit+easy_predicted,19,3.108799419e-05,0,0.0068772
s7-diurnal,shortest_estimate+best_fit+easy_predicted,20,3.214299217e-05,0,0.0092536
s7-diurnal,shortest_estimate+first_fit+easy_predicted,1,1.39375299e-05,0,0.0019995
s7-diurnal,shortest_estimate+first_fit+easy_predicted,2,2.108365093e-05,0,0.0035101
s7-diurnal,shortest_estimate+first_fit+easy_predicted,3,3.003619453e-05,0,0.0289954
s7-diurnal,shortest_estimate+first_fit+easy_predicted,4,2.68193575e-05,0,0.0051885
s7-diurnal,shortest_estimate+first_fit+easy_predicted,5,2.488767123e-05,0,0.0083451
s7-diurnal,shortest_estimate+first_fit+easy_predicted,6,2.420223039e-05,0,0.0040142
s7-diurnal,shortest_estimate+first_fit+easy_predicted,7,1.541337822e-05,0,0.0063893
s7-diurnal,shortest_estimate+first_fit+easy_predicted,8,1.615680571e-05,0,0.0034693
s7-diurnal,shortest_estimate+first_fit+easy_predicted,9,2.311377343e-05,0,0.004025
s7-diurnal,shortest_estimate+first_fit+easy_predicted,10,2.128863121e-05,0,0.001998
s7-diurnal,shortest_estimate+first_fit+easy_predicted,11,1.937740574e-05,0,0.006037
s7-diurnal,shortest_estimate+first_fit+easy_predicted,12,2.717532183e-05,0,0.010055
s7-diurnal,shortest_estimate+first_fit+easy_predicted,13,2.40207828e-05,0,0.0035107
s7-diurnal,shortest_estimate+first_fit+easy_predicted,14,2.304376716e-05,0,0.0040064
s7-diurnal,shortest_estimate+first_fit+easy_predicted,15,2.759361593e-05,0,0.0020047
s7-diurnal,shortest_estimate+first_fit+easy_predicted,16,3.337289696e-05,0,0.0095369
s7-diurnal,shortest_estimate+first_fit+easy_predicted,17,2.514317028e-05,0,0.0125309
s7-diurnal,shortest_estimate+first_fit+easy_predicted,18,1.997920186e-05,0,0.0048972
s7-diurnal,shortest_estimate+first_fit+easy_predicted,19,2.241131797e-05,0,0.0095369
s7-diurnal,shortest_estimate+first_fit+easy_predicted,20,2.452562364e-05,0,0.0073364
s7-diurnal,shortest_estimate+least_fragmentation+easy_predicted,1,2.633061648e-05,0,0.0029996
s7-diurnal,shortest_estimate+least_fragmentation+easy_predicted,2,3.43280765e-05,0,0.008999
s7-diurnal,shortest_estimate+least_fragmentation+easy_predicted,3,3.040483615e-05,0,0.0045367
s7-diurnal,shortest_estimate+least_fragmentation+easy_predicted,4,3.571153103e-05,0,0.0040026
s7-diurnal,shortest_estimate+least_fragmentation+easy_predicted,5,3.803169594e-05,0,0.0207478
s7-diurnal,shortest_estimate+least_fragmentation+easy_predicted,6,4.009067371e-05,0,0.0105343
s7-diurnal,shortest_estimate+least_fragmentation+easy_predicted,7,2.568912522e-05,0,0.0043291
s7-diurnal,shortest_estimate+least_fragmentation+easy_predicted,8,3.546854486e-05,0,0.0107332
s7-diurnal,shortest_estimate+least_fragmentation+easy_predicted,9,2.726054677e-05,0,0.0025198
s7-diurnal,shortest_estimate+least_fragmentation+easy_predicted,10,4.565266481e-05,0,0.01005
s7-diurnal,shortest_estimate+least_fragmentation+easy_predicted,11,4.042891195e-05,0,0.0105343
s7-diurnal,shortest_estimate+least_fragmentation+easy_predicted,12,3.638494272e-05,0,0.0035353
s7-diurnal,shortest_estimate+least_fragmentation+easy_predicted,13,3.911266171e-05,0,0.0050248
s7-diurnal,shortest_estimate+least_fragmentation+easy_predicted,14,3.426612637e-05,0,0.0105343
s7-diurnal,shortest_estimate+least_fragmentation+easy_predicted,15,3.540394265e-05,0,0.0045232
s7-diurnal,shortest_estimate+least_fragmentation+easy_predicted,16,4.067307987e-05,0,0.0095343
s7-diurnal,shortest_estimate+least_fragmentation+easy_predicted,17,3.116751066e-05,0,0.0077459
s7-diurnal,shortest_estimate+least_fragmentation+easy_predicted,18,2.851683511e-05,0,0.0049997
s7-diurnal,shortest_estimate+least_fragmentation+easy_predicted,19,2.564487705e-05,0,0.0051428
s7-diurnal,shortest_estimate+least_fragmentation+easy_predicted,20,2.798835993e-05,0,0.0106536
s7-diurnal,shortest_estimate+topology_aware+conservative,1,0.0002503962539,0.0010335,0.0109656
s7-diurnal,shortest_estimate+topology_aware+conservative,2,0.000331197771,0.0015075,0.0142307
s7-diurnal,shortest_estimate+topology_aware+conservative,3,0.0004126426157,0.0015128,0.0136977
s7-diurnal,shortest_estimate+topology_aware+conservative,4,0.0008926,0.0034523,0.0227119
s7-diurnal,shortest_estimate+topology_aware+conservative,5,0.0009190940121,0.003007,0.0165278
s7-diurnal,shortest_estimate+topology_aware+conservative,6,0.001314160262,0.0035136,0.0180534
s7-diurnal,shortest_estimate+topology_aware+conservative,7,0.0001414667197,0.0010018,0.0404528
s7-diurnal,shortest_estimate+topology_aware+conservative,8,0.0006113688053,0.0025073,0.0146873
s7-diurnal,shortest_estimate+topology_aware+conservative,9,0.0002769791724,0.0010473,0.0121618
s7-diurnal,shortest_estimate+topology_aware+conservative,10,0.001217591125,0.0046921,0.030169
s7-diurnal,shortest_estimate+topology_aware+conservative,11,0.0004009727912,0.0015079,0.0125295
s7-diurnal,shortest_estimate+topology_aware+conservative,12,0.0005860257024,0.0022834,0.013665
s7-diurnal,shortest_estimate+topology_aware+conservative,13,0.0005792989462,0.0020015,0.0190532
s7-diurnal,shortest_estimate+topology_aware+conservative,14,0.0006801575633,0.0020104,0.0150729
s7-diurnal,shortest_estimate+topology_aware+conservative,15,0.0007506553296,0.0025117,0.0180721
s7-diurnal,shortest_estimate+topology_aware+conservative,16,0.001514951462,0.0045313,0.0215909
s7-diurnal,shortest_estimate+topology_aware+conservative,17,0.0006657484028,0.0025084,0.015042
s7-diurnal,shortest_estimate+topology_aware+conservative,18,0.0002037959321,0.0010053,0.0130412
s7-diurnal,shortest_estimate+topology_aware+conservative,19,0.0001582730769,0.0010043,0.0115304
s7-diurnal,shortest_estimate+topology_aware+conservative,20,0.000513478473,0.0019998,0.0135437
s7-diurnal,shortest_estimate+topology_aware+easy,1,3.18135723e-05,0,0.0035135
s7-diurnal,shortest_estimate+topology_aware+easy,2,3.654725762e-05,0,0.0075211
s7-diurnal,shortest_estimate+topology_aware+easy,3,4.860164776e-05,0,0.0120231
s7-diurnal,shortest_estimate+topology_aware+easy,4,5.241613171e-05,0,0.0075211
s7-diurnal,shortest_estimate+topology_aware+easy,5,4.95472467e-05,0,0.0095208
s7-diurnal,shortest_estimate+topology_aware+easy,6,5.890344189e-05,0.0005109,0.0065234
s7-diurnal,shortest_estimate+topology_aware+easy,7,2.336686652e-05,0,0.0105193
s7-diurnal,shortest_estimate+topology_aware+easy,8,4.518081443e-05,0,0.0105193
s7-diurnal,shortest_estimate+topology_aware+easy,9,3.370693069e-05,0,0.0040043
s7-diurnal,shortest_estimate+topology_aware+easy,10,6.69037188e-05,0.0005132,0.0120231
s7-diurnal,shortest_estimate+topology_aware+easy,11,4.474718151e-05,0,0.0110248
s7-diurnal,shortest_estimate+topology_aware+easy,12,5.151437603e-05,0,0.0120231
s7-diurnal,shortest_estimate+topology_aware+easy,13,4.865563847e-05,0,0.0070175
s7-diurnal,shortest_estimate+topology_aware+easy,14,4.836750484e-05,0,0.0120231
s7-diurnal,shortest_estimate+topology_aware+easy,15,6.008464496e-05,0.0005055,0.0135271
s7-diurnal,shortest_estimate+topology_aware+easy,16,6.539325843e-05,0.0005132,0.0120231
s7-diurnal,shortest_estimate+topology_aware+easy,17,5.125680043e-05,0,0.0140286
s7-diurnal,shortest_estimate+topology_aware+easy,18,3.572857143e-05,0,0.0046932
s7-diurnal,shortest_estimate+topology_aware+easy,19,3.684437537e-05,0,0.0070175
s7-diurnal,shortest_estimate+topology_aware+easy,20,4.259671143e-05,0,0.0026938
s7-diurnal,shortest_estimate+topology_aware+easy_oracle,1,2.417561275e-05,0,0.0105307
s7-diurnal,shortest_estimate+topology_aware+easy_oracle,2,3.15334072e-05,0,0.004762
s7-diurnal,shortest_estimate+topology_aware+easy_oracle,3,4.160926526e-05,0,0.0098954
s7-diurnal,shortest_estimate+topology_aware+easy_oracle,4,3.504560044e-05,0,0.0085348
s7-diurnal,shortest_estimate+topology_aware+easy_oracle,5,4.640046806e-05,0,0.0030007
s7-diurnal,shortest_estimate+topology_aware+easy_oracle,6,5.182615833e-05,0,0.0130251
s7-diurnal,shortest_estimate+topology_aware+easy_oracle,7,2.062732723e-05,0,0.0030195
s7-diurnal,shortest_estimate+topology_aware+easy_oracle,8,3.904741733e-05,0,0.0140255
s7-diurnal,shortest_estimate+topology_aware+easy_oracle,9,2.594543454e-05,0,0.0035231
s7-diurnal,shortest_estimate+topology_aware+easy_oracle,10,4.481421294e-05,0,0.0055349
s7-diurnal,shortest_estimate+topology_aware+easy_oracle,11,2.640603157e-05,0,0.0018767
s7-diurnal,shortest_estimate+topology_aware+easy_oracle,12,4.267641561e-05,0,0.009024
s7-diurnal,shortest_estimate+topology_aware+easy_oracle,13,4.482484798e-05,0,0.0100282
s7-diurnal,shortest_estimate+topology_aware+easy_oracle,14,3.851599889e-05,0,0.009024
s7-diurnal,shortest_estimate+topology_aware+easy_oracle,15,4.42503717e-05,0,0.0070258
s7-diurnal,shortest_estimate+topology_aware+easy_oracle,16,5.733832993e-05,0.0005047,0.0060204
s7-diurnal,shortest_estimate+topology_aware+easy_oracle,17,3.281540533e-05,0,0.0030169
s7-diurnal,shortest_estimate+topology_aware+easy_oracle,18,3.001264637e-05,0,0.0120236
s7-diurnal,shortest_estimate+topology_aware+easy_oracle,19,2.964789816e-05,0,0.0050062
s7-diurnal,shortest_estimate+topology_aware+easy_oracle,20,3.581633324e-05,0,0.0033569
s7-diurnal,shortest_estimate+topology_aware+easy_predicted,1,3.370814312e-05,0,0.0080747
s7-diurnal,shortest_estimate+topology_aware+easy_predicted,2,4.069347886e-05,0,0.0065504
s7-diurnal,shortest_estimate+topology_aware+easy_predicted,3,3.613401977e-05,0,0.0055251
s7-diurnal,shortest_estimate+topology_aware+easy_predicted,4,3.60836504e-05,0,0.0015494
s7-diurnal,shortest_estimate+topology_aware+easy_predicted,5,5.047919978e-05,0,0.0055251
s7-diurnal,shortest_estimate+topology_aware+easy_predicted,6,5.467432575e-05,0.000504,0.0030062
s7-diurnal,shortest_estimate+topology_aware+easy_predicted,7,2.957703937e-05,0,0.0055296
s7-diurnal,shortest_estimate+topology_aware+easy_predicted,8,3.869404174e-05,0,0.0030231
s7-diurnal,shortest_estimate+topology_aware+easy_predicted,9,3.38634079e-05,0,0.0090363
s7-diurnal,shortest_estimate+topology_aware+easy_predicted,10,5.27502402e-05,0,0.0050177
s7-diurnal,shortest_estimate+topology_aware+easy_predicted,11,3.852993236e-05,0,0.0045295
s7-diurnal,shortest_estimate+topology_aware+easy_predicted,12,4.96064418e-05,0,0.007529
s7-diurnal,shortest_estimate+topology_aware+easy_predicted,13,4.268977336e-05,0,0.0030375
s7-diurnal,shortest_estimate+topology_aware+easy_predicted,14,4.518411652e-05,0,0.0045252
s7-diurnal,shortest_estimate+topology_aware+easy_predicted,15,5.930824557e-05,0.0005039,0.012716
s7-diurnal,shortest_estimate+topology_aware+easy_predicted,16,6.396831633e-05,0.0005199,0.0123574
s7-diurnal,shortest_estimate+topology_aware+easy_predicted,17,4.558574886e-05,0,0.0061783
s7-diurnal,shortest_estimate+topology_aware+easy_predicted,18,3.987406223e-05,0,0.0086825
s7-diurnal,shortest_estimate+topology_aware+easy_predicted,19,3.266916495e-05,0,0.0055269
s7-diurnal,shortest_estimate+topology_aware+easy_predicted,20,4.527252055e-05,0,0.0056699
s7-diurnal,shortest_estimate+topology_aware+none,1,9.744244493e-06,0,0.0019746
s7-diurnal,shortest_estimate+topology_aware+none,2,1.48648318e-05,0,0.0024794
s7-diurnal,shortest_estimate+topology_aware+none,3,1.159428966e-05,0,0.0030717
s7-diurnal,shortest_estimate+topology_aware+none,4,1.412935421e-05,0,0.0057128
s7-diurnal,shortest_estimate+topology_aware+none,5,1.91273183e-05,0,0.009024
s7-diurnal,shortest_estimate+topology_aware+none,6,1.419768169e-05,0,0.0035137
s7-diurnal,shortest_estimate+topology_aware+none,7,1.22776533e-05,0,0.0135417
s7-diurnal,shortest_estimate+topology_aware+none,8,1.604613883e-05,0,0.0048936
s7-diurnal,shortest_estimate+topology_aware+none,9,1.737370431e-05,0,0.0125322
s7-diurnal,shortest_estimate+topology_aware+none,10,1.23439605e-05,0,0.0022669
s7-diurnal,shortest_estimate+topology_aware+none,11,1.323196464e-05,0,0.0074734
s7-diurnal,shortest_estimate+topology_aware+none,12,1.125369639e-05,0,0.0015093
s7-diurnal,shortest_estimate+topology_aware+none,13,1.842933482e-05,0,0.0135417
s7-diurnal,shortest_estimate+topology_aware+none,14,8.815473888e-06,0,0.0041937
s7-diurnal,shortest_estimate+topology_aware+none,15,1.406665812e-05,0,0.0036462
s7-diurnal,shortest_estimate+topology_aware+none,16,1.662700077e-05,0,0.0027489
s7-diurnal,shortest_estimate+topology_aware+none,17,1.282953438e-05,0,0.0060941
s7-diurnal,shortest_estimate+topology_aware+none,18,1.085977079e-05,0,0.0015135
s7-diurnal,shortest_estimate+topology_aware+none,19,8.618146946e-06,0,0.0016622
s7-diurnal,shortest_estimate+topology_aware+none,20,1.720408964e-05,0,0.0055902
