scenario,policy,seed,jobs,slot_s,variables,horizon_slots,optimal,objective,solver_capped
sweep,n004-slot0060,1,4,60,114,60,1,4,0
sweep,n004-slot0060,2,4,60,15,85,1,4,0
sweep,n004-slot0060,3,4,60,14,65,1,4,0
sweep,n004-slot0150,1,4,150,55,24,1,4,0
sweep,n004-slot0150,2,4,150,15,34,1,4,0
sweep,n004-slot0150,3,4,150,14,26,1,4,0
sweep,n004-slot0300,1,4,300,30,12,1,4,0
sweep,n004-slot0300,2,4,300,15,17,1,4,0
sweep,n004-slot0300,3,4,300,14,13,1,4,0
sweep,n006-slot0060,1,6,60,150,75,1,6,0
sweep,n006-slot0060,2,6,60,22,105,1,6,0
sweep,n006-slot0060,3,6,60,21,85,1,6,0
sweep,n006-slot0150,1,6,150,75,30,1,6,0
sweep,n006-slot0150,2,6,150,22,42,1,6,0
sweep,n006-slot0150,3,6,150,21,34,1,6,0
sweep,n006-slot0300,1,6,300,42,15,1,6,0
sweep,n006-slot0300,2,6,300,22,21,1,6,0
sweep,n006-slot0300,3,6,300,21,17,1,6,0
sweep,n008-slot0060,1,8,60,258,130,1,8,0
sweep,n008-slot0060,2,8,60,30,160,1,8,0
sweep,n008-slot0060,3,8,60,135,130,1,8.166666667,0
sweep,n008-slot0150,1,8,150,123,52,1,8,0
sweep,n008-slot0150,2,8,150,30,64,1,8,0
sweep,n008-slot0150,3,8,150,65,52,1,8.166666667,0
sweep,n008-slot0300,1,8,300,70,26,1,8,0
sweep,n008-slot0300,2,8,300,30,32,1,8,0
sweep,n008-slot0300,3,8,300,42,26,1,8.166666667,0
sweep,n012-slot0060,1,12,60,937,190,1,12.83333333,0
sweep,n012-slot0060,2,12,60,0,225,0,,1
sweep,n012-slot0060,3,12,60,467,195,1,12.58333333,0
sweep,n012-slot0150,1,12,150,393,76,1,12.83333333,0
sweep,n012-slot0150,2,12,150,530,90,1,13.26666667,0
sweep,n012-slot0150,3,12,150,205,78,1,12.58333333,0
sweep,n012-slot0300,1,12,300,214,38,1,12.83333333,0
sweep,n012-slot0300,2,12,300,277,45,1,13.26666667,0
sweep,n012-slot0300,3,12,300,113,39,1,12.58333333,0
sweep,n016-slot0060,1,16,60,0,280,0,,1
sweep,n016-slot0060,2,16,60,0,310,0,,1
sweep,n016-slot0060,3,16,60,0,270,0,,1
sweep,n016-slot0150,1,16,150,1776,112,1,17.91666667,0
sweep,n016-slot0150,2,16,150,1640,124,1,18.93333333,0
sweep,n016-slot0150,3,16,150,1650,108,1,19.1,0
sweep,n016-slot0300,1,16,300,905,56,1,17.91666667,0
sweep,n016-slot0300,2,16,300,820,62,1,18.93333333,0
sweep,n016-slot0300,3,16,300,825,54,1,19.1,0
sweep,n024-slot0060,1,24,60,0,425,0,,1
sweep,n024-slot0060,2,24,60,0,460,0,,1
sweep,n024-slot0060,3,24,60,0,395,0,,1
sweep,n024-slot0150,1,24,150,7008,170,0,,1
sweep,n024-slot0150,2,24,150,7195,184,0,,1
sweep,n024-slot0150,3,24,150,5416,158,0,63.71666667,1
sweep,n024-slot0300,1,24,300,3524,85,1,31.33333333,0
sweep,n024-slot0300,2,24,300,3624,92,1,33.65,0
sweep,n024-slot0300,3,24,300,2720,79,1,33.08333333,0
sweep,n032-slot0060,1,32,60,0,550,0,,1
sweep,n032-slot0060,2,32,60,0,630,0,,1
sweep,n032-slot0060,3,32,60,0,515,0,,1
sweep,n032-slot0150,1,32,150,0,220,0,,1
sweep,n032-slot0150,2,32,150,0,252,0,,1
sweep,n032-slot0150,3,32,150,0,206,0,,1
sweep,n032-slot0300,1,32,300,7464,110,1,45.91666667,0
sweep,n032-slot0300,2,32,300,10408,126,0,51.6,1
sweep,n032-slot0300,3,32,300,7212,103,1,50.51666667,0
