set,id,model,slot_s,jobs,solver,status,objective,bound,wall_s,cpu_s,time_limit_s
s8-small,1,node,300,12,scipy,optimal,12.833333333333336,12.833333333333334,0.0441,0.0469,120
s8-small,1,node,300,12,highspy,optimal,12.833333333333336,12.833333333333334,0.0389,0.0469,120
s8-small,1,node,300,12,gurobi,optimal,12.833333333333336,12.833333333333334,0.0256,0.0312,120
s8-small,2,node,300,12,scipy,optimal,13.266666666666667,13.26666666666667,0.0640,0.1250,120
s8-small,2,node,300,12,highspy,optimal,13.266666666666667,13.266666666666667,0.0819,0.0781,120
s8-small,2,node,300,12,gurobi,optimal,13.266666666666667,13.266666666666666,0.0188,0.0312,120
s8-small,3,node,300,12,scipy,optimal,12.583333333333334,12.583333333333334,0.0265,0.0156,120
s8-small,3,node,300,12,highspy,optimal,12.583333333333334,12.583333333333334,0.0446,0.0625,120
s8-small,3,node,300,12,gurobi,optimal,12.583333333333334,12.583333333333332,0.0070,0.0156,120
s8-small,4,node,300,12,scipy,optimal,17.7,17.699999999999996,0.4106,0.4688,120
s8-small,4,node,300,12,highspy,optimal,17.7,17.699999999999978,0.5388,0.5312,120
s8-small,4,node,300,12,gurobi,optimal,17.7,17.7,0.0830,0.0781,120
s8-small,5,node,300,12,scipy,optimal,16.383333333333333,16.383333333333333,0.0482,0.1094,120
s8-small,5,node,300,12,highspy,optimal,16.383333333333333,16.383333333333333,0.1042,0.1094,120
s8-small,5,node,300,12,gurobi,optimal,16.383333333333333,16.383333333333333,0.0105,0.0156,120
s8-small,6,node,300,12,scipy,optimal,15.516666666666667,15.516666666666667,0.4943,0.5469,120
s8-small,6,node,300,12,highspy,optimal,15.516666666666667,15.516666666666547,0.5844,0.5781,120
s8-small,6,node,300,12,gurobi,optimal,15.516666666666667,15.516666666666666,0.0418,0.0469,120
s8-small,7,node,300,12,scipy,optimal,14.616666666666667,14.616666666666667,0.1314,0.1406,120
s8-small,7,node,300,12,highspy,optimal,14.616666666666667,14.616666666666667,0.2032,0.2031,120
s8-small,7,node,300,12,gurobi,optimal,14.616666666666667,14.616666666666665,0.0299,0.0312,120
s8-small,8,node,300,12,scipy,optimal,12.833333333333334,12.833333333333334,0.0078,0.0000,120
s8-small,8,node,300,12,highspy,optimal,12.833333333333334,12.833333333333334,0.0181,0.0312,120
s8-small,8,node,300,12,gurobi,optimal,12.833333333333334,12.833333333333332,0.0054,0.0156,120
s8-small,9,node,300,12,scipy,optimal,12.200000000000001,12.200000000000001,0.0218,0.0469,120
s8-small,9,node,300,12,highspy,optimal,12.200000000000001,12.200000000000001,0.0373,0.0625,120
s8-small,9,node,300,12,gurobi,optimal,12.200000000000001,12.2,0.0089,0.0000,120
s8-small,10,node,300,12,scipy,optimal,12.783333333333335,12.783333333333335,0.0320,0.0312,120
s8-small,10,node,300,12,highspy,optimal,12.783333333333335,12.783333333333335,0.0487,0.0469,120
s8-small,10,node,300,12,gurobi,optimal,12.783333333333335,12.783333333333333,0.0083,0.0000,120
s8-small,11,node,300,12,scipy,optimal,14.066666666666668,14.06666666666655,0.3176,0.3750,120
s8-small,11,node,300,12,highspy,optimal,14.066666666666668,14.066666666666656,0.3323,0.3281,120
s8-small,11,node,300,12,gurobi,optimal,14.066666666666668,14.066666666666666,0.0264,0.0312,120
s8-small,12,node,300,12,scipy,optimal,14.133333333333335,14.133333333333335,0.0170,0.0156,120
s8-small,12,node,300,12,highspy,optimal,14.133333333333335,14.133333333333335,0.0336,0.0781,120
s8-small,12,node,300,12,gurobi,optimal,14.133333333333335,14.133333333333335,0.0101,0.0000,120
s8-small,13,node,300,12,scipy,optimal,15.066666666666666,15.066666666666666,0.0635,0.0625,120
s8-small,13,node,300,12,highspy,optimal,15.066666666666666,15.066666666666666,0.0998,0.0938,120
s8-small,13,node,300,12,gurobi,optimal,15.066666666666666,15.066666666666666,0.0125,0.0156,120
s8-small,14,node,300,12,scipy,optimal,14.100000000000001,14.1,0.1483,0.2344,120
s8-small,14,node,300,12,highspy,optimal,14.100000000000001,14.1,0.2760,0.2500,120
s8-small,14,node,300,12,gurobi,optimal,14.100000000000001,14.1,0.0211,0.0312,120
s8-small,15,node,300,12,scipy,optimal,14.150000000000002,14.149999999999997,0.0452,0.0938,120
s8-small,15,node,300,12,highspy,optimal,14.150000000000002,14.149999999999997,0.0777,0.0781,120
s8-small,15,node,300,12,gurobi,optimal,14.150000000000002,14.15,0.0149,0.0156,120
s8-small,16,node,300,12,scipy,optimal,13.833333333333336,13.833333333333336,0.1011,0.0938,120
s8-small,16,node,300,12,highspy,optimal,13.833333333333336,13.833333333333291,0.1352,0.1250,120
s8-small,16,node,300,12,gurobi,optimal,13.833333333333336,13.833333333333332,0.0131,0.0156,120
s8-small,17,node,300,12,scipy,optimal,20.55,20.55,0.1150,0.1562,120
s8-small,17,node,300,12,highspy,optimal,20.55,20.55,0.0849,0.0781,120
s8-small,17,node,300,12,gurobi,optimal,20.55,20.55,0.0384,0.0312,120
s8-small,18,node,300,12,scipy,optimal,16.183333333333334,16.18333333333333,0.4335,0.4844,120
s8-small,18,node,300,12,highspy,optimal,16.183333333333334,16.183333333333334,0.5151,0.5156,120
s8-small,18,node,300,12,gurobi,optimal,16.183333333333334,16.183333333333334,0.0483,0.0469,120
s8-small,19,node,300,12,scipy,optimal,13.116666666666669,13.116666666666667,0.0044,0.0000,120
s8-small,19,node,300,12,highspy,optimal,13.116666666666669,13.116666666666667,0.0296,0.0469,120
s8-small,19,node,300,12,gurobi,optimal,13.116666666666669,13.116666666666667,0.0069,0.0156,120
s8-small,20,node,300,12,scipy,optimal,12.000000000000002,12.000000000000002,0.0011,0.0000,120
s8-small,20,node,300,12,highspy,optimal,12.000000000000002,12.000000000000002,0.0085,0.0000,120
s8-small,20,node,300,12,gurobi,optimal,12.000000000000002,12.0,0.0026,0.0156,120
s8-small,21,node,300,12,scipy,optimal,17.5,17.499999999999982,0.3596,0.4219,120
s8-small,21,node,300,12,highspy,optimal,17.5,17.499999999999982,0.4005,0.3594,120
s8-small,21,node,300,12,gurobi,optimal,17.5,17.5,0.0367,0.0312,120
s8-small,22,node,300,12,scipy,optimal,15.583333333333334,15.583333333333256,0.4106,0.4531,120
s8-small,22,node,300,12,highspy,optimal,15.583333333333334,15.58333333333332,0.4448,0.4375,120
s8-small,22,node,300,12,gurobi,optimal,15.583333333333334,15.583333333333332,0.0327,0.0312,120
s8-small,23,node,300,12,scipy,optimal,13.5,13.499999999999996,0.0211,0.0625,120
s8-small,23,node,300,12,highspy,optimal,13.5,13.5,0.0490,0.0469,120
s8-small,23,node,300,12,gurobi,optimal,13.5,13.5,0.0091,0.0156,120
s8-small,24,node,300,12,scipy,optimal,13.783333333333335,13.783333333333335,0.2723,0.2812,120
s8-small,24,node,300,12,highspy,optimal,13.783333333333335,13.783333333333287,0.3930,0.3906,120
s8-small,24,node,300,12,gurobi,optimal,13.783333333333335,13.783333333333333,0.0220,0.0156,120
s8-small,25,node,300,12,scipy,optimal,13.733333333333334,13.733333333333334,0.1526,0.2031,120
s8-small,25,node,300,12,highspy,optimal,13.733333333333334,13.733333333333334,0.1982,0.1875,120
s8-small,25,node,300,12,gurobi,optimal,13.733333333333334,13.733333333333334,0.0332,0.0312,120
s8-small,26,node,300,12,scipy,optimal,14.4,14.4,0.4140,0.4844,120
s8-small,26,node,300,12,highspy,optimal,14.4,14.399999999999995,0.7346,0.6875,120
s8-small,26,node,300,12,gurobi,optimal,14.4,14.399999999999999,0.0807,0.0781,120
s8-small,27,node,300,12,scipy,optimal,14.916666666666668,14.916666666666664,0.1417,0.1719,120
s8-small,27,node,300,12,highspy,optimal,14.916666666666668,14.916666666666668,0.1735,0.1719,120
s8-small,27,node,300,12,gurobi,optimal,14.916666666666668,14.916666666666664,0.0207,0.0156,120
s8-small,28,node,300,12,scipy,optimal,13.166666666666668,13.166666666666666,0.0841,0.1250,120
s8-small,28,node,300,12,highspy,optimal,13.166666666666668,13.166666666666659,0.1002,0.0938,120
s8-small,28,node,300,12,gurobi,optimal,13.166666666666668,13.166666666666668,0.0109,0.0156,120
s8-small,29,node,300,12,scipy,optimal,13.333333333333334,13.333333333333334,0.1611,0.2031,120
s8-small,29,node,300,12,highspy,optimal,13.333333333333334,13.333333333333332,0.1609,0.1719,120
s8-small,29,node,300,12,gurobi,optimal,13.333333333333334,13.333333333333332,0.0156,0.0156,120
s8-small,30,node,300,12,scipy,optimal,14.033333333333333,14.033333333333145,0.4640,0.5000,120
s8-small,30,node,300,12,highspy,optimal,14.033333333333333,14.033333333333012,0.5513,0.5469,120
s8-small,30,node,300,12,gurobi,optimal,14.033333333333333,14.033333333333331,0.0869,0.0938,120
s8-small,31,node,300,12,scipy,optimal,14.750000000000002,14.749999999999988,0.0838,0.1250,120
s8-small,31,node,300,12,highspy,optimal,14.750000000000002,14.75,0.1330,0.1406,120
s8-small,31,node,300,12,gurobi,optimal,14.750000000000002,14.75,0.0091,0.0156,120
s8-small,32,node,300,12,scipy,optimal,14.833333333333336,14.833333333333334,0.0653,0.0938,120
s8-small,32,node,300,12,highspy,optimal,14.833333333333336,14.833333333333336,0.1347,0.1250,120
s8-small,32,node,300,12,gurobi,optimal,14.833333333333336,14.833333333333332,0.0262,0.0156,120
s8-small,33,node,300,12,scipy,optimal,12.600000000000001,12.600000000000001,0.0219,0.0312,120
s8-small,33,node,300,12,highspy,optimal,12.600000000000001,12.600000000000001,0.0714,0.0781,120
s8-small,33,node,300,12,gurobi,optimal,12.600000000000001,12.6,0.0103,0.0000,120
s8-small,34,node,300,12,scipy,optimal,15.933333333333335,15.933333333333326,0.2875,0.3438,120
s8-small,34,node,300,12,highspy,optimal,15.933333333333335,15.933333333333323,0.2650,0.2500,120
s8-small,34,node,300,12,gurobi,optimal,15.933333333333335,15.933333333333334,0.0361,0.0312,120
s8-small,35,node,300,12,scipy,optimal,13.983333333333334,13.983333333333293,0.3134,0.3594,120
s8-small,35,node,300,12,highspy,optimal,13.983333333333334,13.983333333333327,0.3597,0.3594,120
s8-small,35,node,300,12,gurobi,optimal,13.983333333333334,13.983333333333333,0.0430,0.0312,120
s8-small,36,node,300,12,scipy,optimal,12.900000000000002,12.900000000000002,0.0325,0.0312,120
s8-small,36,node,300,12,highspy,optimal,12.900000000000002,12.900000000000002,0.0608,0.0625,120
s8-small,36,node,300,12,gurobi,optimal,12.900000000000002,12.9,0.0054,0.0000,120
s8-small,37,node,300,12,scipy,optimal,17.116666666666667,17.116666666666656,0.2721,0.3594,120
s8-small,37,node,300,12,highspy,optimal,17.116666666666667,17.116666666666656,0.3542,0.3594,120
s8-small,37,node,300,12,gurobi,optimal,17.116666666666667,17.116666666666667,0.0331,0.0312,120
s8-small,38,node,300,12,scipy,optimal,15.4,15.4,0.1617,0.2656,120
s8-small,38,node,300,12,highspy,optimal,15.4,15.4,0.1941,0.1719,120
s8-small,38,node,300,12,gurobi,optimal,15.4,15.399999999999999,0.0366,0.0469,120
s8-small,39,node,300,12,scipy,optimal,16.400000000000002,16.39999999999999,0.1099,0.1719,120
s8-small,39,node,300,12,highspy,optimal,16.400000000000002,16.400000000000002,0.2008,0.1719,120
s8-small,39,node,300,12,gurobi,optimal,16.400000000000002,16.4,0.0270,0.0312,120
s8-small,40,node,300,12,scipy,optimal,13.666666666666668,13.666666666666668,0.0100,0.0312,120
s8-small,40,node,300,12,highspy,optimal,13.666666666666668,13.666666666666668,0.0242,0.0156,120
s8-small,40,node,300,12,gurobi,optimal,13.666666666666668,13.666666666666668,0.0072,0.0156,120
s8-small,41,node,300,12,scipy,optimal,14.833333333333334,14.833333333333334,0.1031,0.1406,120
s8-small,41,node,300,12,highspy,optimal,14.833333333333334,14.833333333333334,0.1806,0.1562,120
s8-small,41,node,300,12,gurobi,optimal,14.833333333333334,14.833333333333332,0.0175,0.0156,120
s8-small,42,node,300,12,scipy,optimal,14.100000000000001,14.100000000000001,0.0128,0.0000,120
s8-small,42,node,300,12,highspy,optimal,14.100000000000001,14.100000000000001,0.0192,0.0312,120
s8-small,42,node,300,12,gurobi,optimal,14.100000000000001,14.1,0.0053,0.0000,120
s8-small,43,node,300,12,scipy,optimal,13.733333333333334,13.733333333333333,0.0773,0.1250,120
s8-small,43,node,300,12,highspy,optimal,13.733333333333334,13.733333333333325,0.1148,0.1250,120
s8-small,43,node,300,12,gurobi,optimal,13.733333333333334,13.733333333333334,0.0121,0.0156,120
s8-small,44,node,300,12,scipy,optimal,13.666666666666668,13.666666666666664,0.2354,0.2969,120
s8-small,44,node,300,12,highspy,optimal,13.666666666666668,13.666666666666666,0.3018,0.2812,120
s8-small,44,node,300,12,gurobi,optimal,13.666666666666668,13.666666666666664,0.0316,0.0312,120
s8-small,45,node,300,12,scipy,optimal,14.216666666666669,14.216666666666669,0.0405,0.0938,120
s8-small,45,node,300,12,highspy,optimal,14.216666666666669,14.216666666666669,0.0603,0.0625,120
s8-small,45,node,300,12,gurobi,optimal,14.216666666666669,14.216666666666667,0.0102,0.0156,120
s8-small,46,node,300,12,scipy,optimal,14.000000000000002,14.000000000000002,0.0101,0.0156,120
s8-small,46,node,300,12,highspy,optimal,14.000000000000002,14.000000000000002,0.0187,0.0156,120
s8-small,46,node,300,12,gurobi,optimal,14.000000000000002,14.0,0.0074,0.0000,120
s8-small,47,node,300,12,scipy,optimal,13.666666666666668,13.666666666666664,0.0556,0.0938,120
s8-small,47,node,300,12,highspy,optimal,13.666666666666668,13.666666666666668,0.0891,0.0938,120
s8-small,47,node,300,12,gurobi,optimal,13.666666666666668,13.666666666666666,0.0122,0.0156,120
s8-small,48,node,300,12,scipy,optimal,14.933333333333335,14.933333333333318,0.3189,0.3750,120
s8-small,48,node,300,12,highspy,optimal,14.933333333333335,14.93333333333333,0.2976,0.2969,120
s8-small,48,node,300,12,gurobi,optimal,14.933333333333335,14.933333333333332,0.0247,0.0156,120
s8-small,49,node,300,12,scipy,optimal,13.033333333333335,13.033333333333335,0.0529,0.0938,120
s8-small,49,node,300,12,highspy,optimal,13.033333333333335,13.033333333333335,0.0839,0.0781,120
s8-small,49,node,300,12,gurobi,optimal,13.033333333333335,13.033333333333333,0.0095,0.0156,120
s8-small,50,node,300,12,scipy,optimal,12.966666666666669,12.966666666666669,0.0505,0.0781,120
s8-small,50,node,300,12,highspy,optimal,12.966666666666669,12.966666666666669,0.0732,0.0781,120
s8-small,50,node,300,12,gurobi,optimal,12.966666666666669,12.966666666666667,0.0089,0.0156,120
s8-medium,1,pool,300,40,scipy,optimal,55.80833333333334,55.80833333333333,2.9745,3.3906,60
s8-medium,1,pool,300,40,highspy,optimal,55.80833333333334,55.808333333331134,5.4693,5.4062,60
s8-medium,1,pool,300,40,gurobi,optimal,55.80833333333334,55.80833333333333,0.8851,0.8750,60
s8-medium,2,pool,300,40,scipy,optimal,53.5,53.49999999999994,4.1508,4.7031,60
s8-medium,2,pool,300,40,highspy,optimal,53.5,53.49999999999999,3.4408,3.4062,60
s8-medium,2,pool,300,40,gurobi,optimal,53.5,53.49999999999999,0.7241,0.7031,60
s8-medium,3,pool,300,40,scipy,optimal,60.34880952380953,60.348809523808356,4.7470,5.3125,60
s8-medium,3,pool,300,40,highspy,optimal,60.34880952380953,60.348809523805656,3.8198,3.7031,60
s8-medium,3,pool,300,40,gurobi,optimal,60.34880952380953,60.34880952380953,0.6179,0.5625,60
s8-medium,4,pool,300,40,scipy,optimal,77.98452380952381,77.9845238095215,18.6450,19.1250,60
s8-medium,4,pool,300,40,highspy,optimal,77.98452380952381,77.98452380951538,22.0656,21.2188,60
s8-medium,4,pool,300,40,gurobi,optimal,77.98452380952381,77.98452380952381,3.3792,3.2812,60
s8-medium,5,pool,300,40,scipy,optimal,62.834523809523816,62.83452380952346,7.7235,8.0469,60
s8-medium,5,pool,300,40,highspy,optimal,62.834523809523816,62.83452380952376,9.6499,9.4531,60
s8-medium,5,pool,300,40,gurobi,optimal,62.834523809523816,62.8345238095238,1.1915,1.1875,60
s8-medium,6,pool,300,40,scipy,optimal,46.80357142857143,46.80357142857143,0.1171,0.1406,60
s8-medium,6,pool,300,40,highspy,optimal,46.80357142857143,46.803571428571416,0.2613,0.2500,60
s8-medium,6,pool,300,40,gurobi,optimal,46.80357142857143,46.80357142857143,0.0330,0.0312,60
s8-medium,7,pool,300,40,scipy,optimal,52.41428571428572,52.41428571428572,0.8801,1.0000,60
s8-medium,7,pool,300,40,highspy,optimal,52.41428571428572,52.41428571428571,1.2288,1.2344,60
s8-medium,7,pool,300,40,gurobi,optimal,52.41428571428572,52.41428571428571,0.1320,0.1406,60
s8-medium,8,pool,300,40,scipy,optimal,48.334523809523816,48.334523809523745,0.8816,1.0312,60
s8-medium,8,pool,300,40,highspy,optimal,48.334523809523816,48.334523809523816,1.1231,1.1250,60
s8-medium,8,pool,300,40,gurobi,optimal,48.334523809523816,48.33452380952381,0.1384,0.1250,60
s8-medium,9,pool,300,40,scipy,optimal,49.51904761904762,49.51904761904761,2.0706,2.5938,60
s8-medium,9,pool,300,40,highspy,optimal,49.51904761904762,49.51904761904761,2.6140,2.5938,60
s8-medium,9,pool,300,40,gurobi,optimal,49.51904761904762,49.519047619047626,0.3942,0.4062,60
s8-medium,10,pool,300,40,scipy,optimal,56.621428571428574,56.62142857142854,2.9842,3.3750,60
s8-medium,10,pool,300,40,highspy,optimal,56.621428571428574,56.62142857142856,3.9626,3.8281,60
s8-medium,10,pool,300,40,gurobi,optimal,56.621428571428574,56.62142857142857,0.5160,0.5000,60
s8-medium,11,pool,300,40,scipy,optimal,46.23214285714286,46.23214285714282,0.6043,0.7812,60
s8-medium,11,pool,300,40,highspy,optimal,46.23214285714286,46.23214285714285,0.6893,0.6875,60
s8-medium,11,pool,300,40,gurobi,optimal,46.23214285714286,46.232142857142854,0.0861,0.0938,60
s8-medium,12,pool,300,40,scipy,optimal,49.163095238095245,49.16309523809419,0.9086,1.2031,60
s8-medium,12,pool,300,40,highspy,optimal,49.163095238095245,49.163095238095075,1.1444,1.1406,60
s8-medium,12,pool,300,40,gurobi,optimal,49.163095238095245,49.16309523809524,0.1118,0.1094,60
s8-medium,13,pool,300,40,scipy,optimal,56.275000000000006,56.275,3.8490,4.2656,60
s8-medium,13,pool,300,40,highspy,optimal,56.275000000000006,56.2749999999998,5.9634,5.8906,60
s8-medium,13,pool,300,40,gurobi,optimal,56.275000000000006,56.275,0.5888,0.5625,60
s8-medium,14,pool,300,40,scipy,optimal,56.761904761904766,56.76190476188106,3.1198,3.6562,60
s8-medium,14,pool,300,40,highspy,optimal,56.761904761904766,56.76190476190475,3.2278,3.1094,60
s8-medium,14,pool,300,40,gurobi,optimal,56.761904761904766,56.76190476190472,0.6738,0.6406,60
s8-medium,15,pool,300,40,scipy,optimal,51.60595238095239,51.60595238095213,1.5957,1.9219,60
s8-medium,15,pool,300,40,highspy,optimal,51.60595238095239,51.60595238095238,1.2865,1.2656,60
s8-medium,15,pool,300,40,gurobi,optimal,51.60595238095239,51.60595238095238,0.2515,0.2656,60
s8-medium,16,pool,300,40,scipy,optimal,49.87857142857143,49.87857142855306,0.9272,1.0938,60
s8-medium,16,pool,300,40,highspy,optimal,49.87857142857143,49.87857142857139,1.6014,1.5938,60
s8-medium,16,pool,300,40,gurobi,optimal,49.87857142857143,49.878571428571426,0.1003,0.0938,60
s8-medium,17,pool,300,40,scipy,optimal,52.083333333333336,52.083333333264335,1.4272,1.6875,60
s8-medium,17,pool,300,40,highspy,optimal,52.083333333333336,52.08333333333777,1.8918,1.8906,60
s8-medium,17,pool,300,40,gurobi,optimal,52.083333333333336,52.083333333333336,0.1430,0.1562,60
s8-medium,18,pool,300,40,scipy,optimal,55.54166666666667,55.54166666666618,3.3241,3.7656,60
s8-medium,18,pool,300,40,highspy,optimal,55.54166666666667,55.54166666666667,2.8600,2.7969,60
s8-medium,18,pool,300,40,gurobi,optimal,55.54166666666667,55.541666666666664,0.2662,0.2500,60
s8-medium,19,pool,300,40,scipy,optimal,60.680952380952384,60.680952381358864,7.3190,8.0781,60
s8-medium,19,pool,300,40,highspy,optimal,60.680952380952384,60.68095238095238,7.2668,7.1250,60
s8-medium,19,pool,300,40,gurobi,optimal,60.680952380952384,60.68095238095238,1.1148,1.0938,60
s8-medium,20,pool,300,40,scipy,optimal,45.44166666666667,45.44166666666655,0.4368,0.5156,60
s8-medium,20,pool,300,40,highspy,optimal,45.44166666666667,45.44166666666667,0.6969,0.6719,60
s8-medium,20,pool,300,40,gurobi,optimal,45.44166666666667,45.44166666666666,0.0305,0.0312,60
s8-medium,21,pool,300,40,scipy,optimal,55.08214285714286,55.082142857142756,2.8226,3.2344,60
s8-medium,21,pool,300,40,highspy,optimal,55.08214285714286,55.08214285714282,3.3804,3.3750,60
s8-medium,21,pool,300,40,gurobi,optimal,55.08214285714286,55.08214285714284,0.4209,0.4219,60
s8-medium,22,pool,300,40,scipy,optimal,53.445238095238096,53.4452380952379,2.7361,3.1406,60
s8-medium,22,pool,300,40,highspy,optimal,53.445238095238096,53.44523809523787,3.0481,2.9688,60
s8-medium,22,pool,300,40,gurobi,optimal,53.445238095238096,53.445238095238096,0.2794,0.2500,60
s8-medium,23,pool,300,40,scipy,optimal,59.8452380952381,59.84523809523677,2.9930,3.3906,60
s8-medium,23,pool,300,40,highspy,optimal,59.8452380952381,59.845238095237725,3.5925,3.5000,60
s8-medium,23,pool,300,40,gurobi,optimal,59.8452380952381,59.845238095238095,0.5324,0.5312,60
s8-medium,24,pool,300,40,scipy,optimal,55.175000000000004,55.175,3.3602,3.6875,60
s8-medium,24,pool,300,40,highspy,optimal,55.175000000000004,55.17499999999999,3.9155,3.7969,60
s8-medium,24,pool,300,40,gurobi,optimal,55.175000000000004,55.175,0.4295,0.4219,60
s8-medium,25,pool,300,40,scipy,optimal,53.91071428571429,53.910714285714306,2.7704,3.4219,60
s8-medium,25,pool,300,40,highspy,optimal,53.91071428571429,53.91071428571448,2.6169,2.5781,60
s8-medium,25,pool,300,40,gurobi,optimal,53.91071428571429,53.910714285714285,0.1947,0.2031,60
s8-medium,26,pool,300,40,scipy,optimal,52.59404761904762,52.5940476190475,2.8183,3.2344,60
s8-medium,26,pool,300,40,highspy,optimal,52.59404761904762,52.594047619047,4.0364,3.8906,60
s8-medium,26,pool,300,40,gurobi,optimal,52.59404761904762,52.594047619047615,0.3377,0.3438,60
s8-medium,27,pool,300,40,scipy,optimal,59.35119047619048,59.351190476184755,5.2543,5.7656,60
s8-medium,27,pool,300,40,highspy,optimal,59.35119047619048,59.35119047619043,4.2324,4.2031,60
s8-medium,27,pool,300,40,gurobi,optimal,59.35119047619048,59.351190476190474,0.6178,0.6094,60
s8-medium,28,pool,300,40,scipy,optimal,48.86071428571429,48.86071428571376,0.8846,1.0000,60
s8-medium,28,pool,300,40,highspy,optimal,48.86071428571429,48.86071428571425,1.2281,1.1875,60
s8-medium,28,pool,300,40,gurobi,optimal,48.86071428571429,48.86071428571428,0.0931,0.0938,60
s8-medium,29,pool,300,40,scipy,optimal,57.80238095238096,57.80238095238087,4.6669,5.0000,60
s8-medium,29,pool,300,40,highspy,optimal,57.80238095238096,57.80238095238095,6.7719,6.6406,60
s8-medium,29,pool,300,40,gurobi,optimal,57.80238095238096,57.802380952380965,0.6978,0.6406,60
s8-medium,30,pool,300,40,scipy,optimal,52.5452380952381,52.54523809523819,3.0428,3.6875,60
s8-medium,30,pool,300,40,highspy,optimal,52.5452380952381,52.54523809523425,2.6437,2.5312,60
s8-medium,30,pool,300,40,gurobi,optimal,52.5452380952381,52.54523809523809,0.3200,0.2969,60
s8-medium,31,pool,300,40,scipy,optimal,61.52857142857143,61.528571428564575,6.7716,7.4375,60
s8-medium,31,pool,300,40,highspy,optimal,61.52857142857143,61.52857142857145,8.6305,8.5781,60
s8-medium,31,pool,300,40,gurobi,optimal,61.52857142857143,61.52857142857143,0.7301,0.7344,60
s8-medium,32,pool,300,40,scipy,optimal,58.39047619047619,58.39047619047617,3.8912,4.5000,60
s8-medium,32,pool,300,40,highspy,optimal,58.39047619047619,58.390476190476186,5.4974,5.4688,60
s8-medium,32,pool,300,40,gurobi,optimal,58.39047619047619,58.390476190476186,0.6084,0.6094,60
s8-medium,33,pool,300,40,scipy,optimal,50.11904761904762,50.11904761904759,1.5170,2.0781,60
s8-medium,33,pool,300,40,highspy,optimal,50.11904761904762,50.119047619047606,1.9297,1.9219,60
s8-medium,33,pool,300,40,gurobi,optimal,50.11904761904762,50.11904761904761,0.1803,0.1875,60
s8-medium,34,pool,300,40,scipy,optimal,56.64761904761905,56.64761904761903,3.4383,4.0938,60
s8-medium,34,pool,300,40,highspy,optimal,56.64761904761905,56.64761904761905,2.9491,2.9219,60
s8-medium,34,pool,300,40,gurobi,optimal,56.64761904761905,56.647619047619045,0.4796,0.4844,60
s8-medium,35,pool,300,40,scipy,optimal,49.63095238095239,49.63095238095225,0.6156,0.8750,60
s8-medium,35,pool,300,40,highspy,optimal,49.63095238095239,49.63095238094746,1.0462,1.0312,60
s8-medium,35,pool,300,40,gurobi,optimal,49.63095238095239,49.63095238095239,0.1903,0.1875,60
s8-medium,36,pool,300,40,scipy,optimal,52.67142857142858,52.671428571373276,1.9684,2.3906,60
s8-medium,36,pool,300,40,highspy,optimal,52.67142857142858,52.67142857142857,2.3994,2.3906,60
s8-medium,36,pool,300,40,gurobi,optimal,52.67142857142858,52.67142857142858,0.2555,0.2500,60
s8-medium,37,pool,300,40,scipy,optimal,60.16666666666667,60.16666666666679,3.9531,4.3594,60
s8-medium,37,pool,300,40,highspy,optimal,60.16666666666667,60.16666666666437,5.3930,5.2031,60
s8-medium,37,pool,300,40,gurobi,optimal,60.16666666666667,60.166666666666664,0.7329,0.6875,60
s8-medium,38,pool,300,40,scipy,optimal,54.215476190476195,54.21547619047565,2.6898,2.9688,60
s8-medium,38,pool,300,40,highspy,optimal,54.215476190476195,54.215476190476195,3.1135,3.0000,60
s8-medium,38,pool,300,40,gurobi,optimal,54.215476190476195,54.215476190476195,0.4009,0.3750,60
s8-medium,39,pool,300,40,scipy,optimal,68.21666666666667,68.21666666666621,6.6944,7.0938,60
s8-medium,39,pool,300,40,highspy,optimal,68.21666666666667,68.21666666666667,8.0409,7.9062,60
s8-medium,39,pool,300,40,gurobi,optimal,68.21666666666667,68.21666666666667,0.6458,0.5938,60
s8-medium,40,pool,300,40,scipy,optimal,51.76547619047619,51.76547619047619,1.2897,1.6875,60
s8-medium,40,pool,300,40,highspy,optimal,51.76547619047619,51.765476190476164,1.6339,1.6250,60
s8-medium,40,pool,300,40,gurobi,optimal,51.76547619047619,51.76547619047619,0.2217,0.2188,60
s8-medium,41,pool,300,40,scipy,optimal,54.991666666666674,54.991666666666674,1.8879,2.2344,60
s8-medium,41,pool,300,40,highspy,optimal,54.991666666666674,54.99166666666667,2.6252,2.5625,60
s8-medium,41,pool,300,40,gurobi,optimal,54.991666666666674,54.991666666666674,0.2829,0.2656,60
s8-medium,42,pool,300,40,scipy,optimal,56.03928571428572,56.03928571428554,7.2552,7.6562,60
s8-medium,42,pool,300,40,highspy,optimal,56.03928571428572,56.03928571428572,5.4834,5.4219,60
s8-medium,42,pool,300,40,gurobi,optimal,56.03928571428572,56.03928571428571,1.0249,1.0312,60
s8-medium,43,pool,300,40,scipy,optimal,48.459523809523816,48.45952380952379,1.1271,1.4688,60
s8-medium,43,pool,300,40,highspy,optimal,48.459523809523816,48.459523809523574,1.4065,1.3750,60
s8-medium,43,pool,300,40,gurobi,optimal,48.459523809523816,48.45952380952381,0.1288,0.1406,60
s8-medium,44,pool,300,40,scipy,optimal,57.25952380952381,57.25952380952381,2.1742,2.6719,60
s8-medium,44,pool,300,40,highspy,optimal,57.25952380952381,57.25952380952381,3.6429,3.6250,60
s8-medium,44,pool,300,40,gurobi,optimal,57.25952380952381,57.259523809523806,0.2714,0.2656,60
s8-medium,45,pool,300,40,scipy,optimal,59.87857142857143,59.878571428569636,3.4086,3.9375,60
s8-medium,45,pool,300,40,highspy,optimal,59.87857142857143,59.87857142857142,4.4542,4.3594,60
s8-medium,45,pool,300,40,gurobi,optimal,59.87857142857143,59.878571428571426,0.6944,0.6875,60
s8-medium,46,pool,300,40,scipy,optimal,59.866666666666674,59.86666666666662,6.4367,6.7969,60
s8-medium,46,pool,300,40,highspy,optimal,59.86666666666667,59.86666666666665,8.3093,8.1094,60
s8-medium,46,pool,300,40,gurobi,optimal,59.86666666666667,59.86666666666666,1.5481,1.4531,60
s8-medium,47,pool,300,40,scipy,optimal,55.68690476190476,55.68690476190473,3.3038,3.6562,60
s8-medium,47,pool,300,40,highspy,optimal,55.68690476190476,55.68690476190475,5.1890,5.1250,60
s8-medium,47,pool,300,40,gurobi,optimal,55.68690476190476,55.68690476190477,1.5375,1.5000,60
s8-medium,48,pool,300,40,scipy,optimal,56.93333333333334,56.93333333333233,4.7838,5.1406,60
s8-medium,48,pool,300,40,highspy,optimal,56.93333333333334,56.93333333333334,4.2896,4.1875,60
s8-medium,48,pool,300,40,gurobi,optimal,56.93333333333334,56.93333333333333,0.4042,0.4062,60
s8-medium,49,pool,300,40,scipy,optimal,48.01547619047619,48.01547619042903,0.7298,0.9688,60
s8-medium,49,pool,300,40,highspy,optimal,48.01547619047619,48.01547619047615,0.9658,0.9531,60
s8-medium,49,pool,300,40,gurobi,optimal,48.01547619047619,48.015476190476186,0.1474,0.1562,60
s8-medium,50,pool,300,40,scipy,optimal,60.9952380952381,60.99523809523431,3.1437,3.6094,60
s8-medium,50,pool,300,40,highspy,optimal,60.9952380952381,60.99523809523806,3.6027,3.5469,60
s8-medium,50,pool,300,40,gurobi,optimal,60.9952380952381,60.99523809523809,0.5200,0.5000,60
sweep,n4-s300-1,node,300,4,scipy,optimal,4.0,4.0,0.0011,0.0000,15
sweep,n4-s300-1,node,300,4,highspy,optimal,4.0,4.0,0.0083,0.0469,15
sweep,n4-s300-1,node,300,4,gurobi,optimal,4.0,4.0,0.0025,0.0000,15
sweep,n4-s300-2,node,300,4,scipy,optimal,4.000000000000001,4.0,0.0005,0.0000,15
sweep,n4-s300-2,node,300,4,highspy,optimal,4.000000000000001,4.0,0.0006,0.0000,15
sweep,n4-s300-2,node,300,4,gurobi,optimal,4.000000000000001,4.0,0.0022,0.0156,15
sweep,n4-s300-3,node,300,4,scipy,optimal,4.0,4.0,0.0006,0.0000,15
sweep,n4-s300-3,node,300,4,highspy,optimal,4.0,4.0,0.0007,0.0000,15
sweep,n4-s300-3,node,300,4,gurobi,optimal,4.0,4.0,0.0019,0.0000,15
sweep,n4-s150-1,node,150,4,scipy,optimal,4.0,4.0,0.0012,0.0000,15
sweep,n4-s150-1,node,150,4,highspy,optimal,4.0,4.0,0.0093,0.0156,15
sweep,n4-s150-1,node,150,4,gurobi,optimal,4.0,4.0,0.0026,0.0000,15
sweep,n4-s150-2,node,150,4,scipy,optimal,4.000000000000001,4.0,0.0006,0.0000,15
sweep,n4-s150-2,node,150,4,highspy,optimal,4.000000000000001,4.0,0.0006,0.0000,15
sweep,n4-s150-2,node,150,4,gurobi,optimal,4.000000000000001,4.0,0.0022,0.0000,15
sweep,n4-s150-3,node,150,4,scipy,optimal,4.0,4.0,0.0005,0.0000,15
sweep,n4-s150-3,node,150,4,highspy,optimal,4.0,4.0,0.0009,0.0000,15
sweep,n4-s150-3,node,150,4,gurobi,optimal,4.0,4.0,0.0019,0.0000,15
sweep,n4-s60-1,node,60,4,scipy,optimal,4.0,4.0,0.0033,0.0000,15
sweep,n4-s60-1,node,60,4,highspy,optimal,4.0,4.0,0.0141,0.0469,15
sweep,n4-s60-1,node,60,4,gurobi,optimal,4.0,4.0,0.0034,0.0000,15
sweep,n4-s60-2,node,60,4,scipy,optimal,4.000000000000001,4.0,0.0006,0.0000,15
sweep,n4-s60-2,node,60,4,highspy,optimal,4.000000000000001,4.0,0.0008,0.0000,15
sweep,n4-s60-2,node,60,4,gurobi,optimal,4.000000000000001,4.0,0.0024,0.0000,15
sweep,n4-s60-3,node,60,4,scipy,optimal,4.0,4.0,0.0006,0.0000,15
sweep,n4-s60-3,node,60,4,highspy,optimal,4.0,4.0,0.0008,0.0000,15
sweep,n4-s60-3,node,60,4,gurobi,optimal,4.0,4.0,0.0024,0.0000,15
sweep,n6-s300-1,node,300,6,scipy,optimal,6.000000000000001,6.000000000000001,0.0009,0.0000,15
sweep,n6-s300-1,node,300,6,highspy,optimal,6.000000000000001,6.000000000000001,0.0093,0.0469,15
sweep,n6-s300-1,node,300,6,gurobi,optimal,6.000000000000001,6.0,0.0024,0.0000,15
sweep,n6-s300-2,node,300,6,scipy,optimal,6.000000000000001,6.000000000000001,0.0008,0.0000,15
sweep,n6-s300-2,node,300,6,highspy,optimal,6.000000000000001,6.000000000000001,0.0082,0.0469,15
sweep,n6-s300-2,node,300,6,gurobi,optimal,6.000000000000001,6.0,0.0024,0.0000,15
sweep,n6-s300-3,node,300,6,scipy,optimal,6.000000000000001,6.000000000000001,0.0008,0.0000,15
sweep,n6-s300-3,node,300,6,highspy,optimal,6.000000000000001,6.000000000000001,0.0078,0.0469,15
sweep,n6-s300-3,node,300,6,gurobi,optimal,6.000000000000001,6.0,0.0024,0.0000,15
sweep,n6-s150-1,node,150,6,scipy,optimal,6.000000000000001,6.000000000000001,0.0014,0.0000,15
sweep,n6-s150-1,node,150,6,highspy,optimal,6.000000000000001,6.000000000000001,0.0088,0.0469,15
sweep,n6-s150-1,node,150,6,gurobi,optimal,6.000000000000001,6.0,0.0031,0.0000,15
sweep,n6-s150-2,node,150,6,scipy,optimal,6.000000000000001,6.000000000000001,0.0008,0.0000,15
sweep,n6-s150-2,node,150,6,highspy,optimal,6.000000000000001,6.000000000000001,0.0084,0.0469,15
sweep,n6-s150-2,node,150,6,gurobi,optimal,6.000000000000001,6.0,0.0023,0.0000,15
sweep,n6-s150-3,node,150,6,scipy,optimal,6.000000000000001,6.000000000000001,0.0009,0.0000,15
sweep,n6-s150-3,node,150,6,highspy,optimal,6.000000000000001,6.000000000000001,0.0081,0.0469,15
sweep,n6-s150-3,node,150,6,gurobi,optimal,6.000000000000001,6.0,0.0025,0.0000,15
sweep,n6-s60-1,node,60,6,scipy,optimal,6.000000000000001,6.000000000000001,0.0049,0.0000,15
sweep,n6-s60-1,node,60,6,highspy,optimal,6.000000000000001,6.000000000000001,0.0142,0.0469,15
sweep,n6-s60-1,node,60,6,gurobi,optimal,6.000000000000001,6.0,0.0044,0.0156,15
sweep,n6-s60-2,node,60,6,scipy,optimal,6.000000000000001,6.000000000000001,0.0009,0.0000,15
sweep,n6-s60-2,node,60,6,highspy,optimal,6.000000000000001,6.000000000000001,0.0086,0.0000,15
sweep,n6-s60-2,node,60,6,gurobi,optimal,6.000000000000001,6.0,0.0030,0.0000,15
sweep,n6-s60-3,node,60,6,scipy,optimal,6.000000000000001,6.000000000000001,0.0009,0.0000,15
sweep,n6-s60-3,node,60,6,highspy,optimal,6.000000000000001,6.000000000000001,0.0080,0.0000,15
sweep,n6-s60-3,node,60,6,gurobi,optimal,6.000000000000001,6.0,0.0028,0.0156,15
sweep,n8-s300-1,node,300,8,scipy,optimal,8.000000000000002,8.000000000000002,0.0020,0.0000,15
sweep,n8-s300-1,node,300,8,highspy,optimal,8.000000000000002,8.000000000000002,0.0091,0.0156,15
sweep,n8-s300-1,node,300,8,gurobi,optimal,8.000000000000002,8.0,0.0029,0.0000,15
sweep,n8-s300-2,node,300,8,scipy,optimal,8.000000000000002,8.000000000000002,0.0009,0.0000,15
sweep,n8-s300-2,node,300,8,highspy,optimal,8.000000000000002,8.000000000000002,0.0078,0.0000,15
sweep,n8-s300-2,node,300,8,gurobi,optimal,8.000000000000002,8.0,0.0025,0.0000,15
sweep,n8-s300-3,node,300,8,scipy,optimal,8.166666666666668,8.166666666666668,0.0014,0.0000,15
sweep,n8-s300-3,node,300,8,highspy,optimal,8.166666666666668,8.166666666666668,0.0089,0.0000,15
sweep,n8-s300-3,node,300,8,gurobi,optimal,8.166666666666668,8.166666666666668,0.0029,0.0156,15
sweep,n8-s150-1,node,150,8,scipy,optimal,8.000000000000002,8.000000000000002,0.0020,0.0000,15
sweep,n8-s150-1,node,150,8,highspy,optimal,8.000000000000002,8.0,0.0099,0.0156,15
sweep,n8-s150-1,node,150,8,gurobi,optimal,8.000000000000002,8.0,0.0037,0.0000,15
sweep,n8-s150-2,node,150,8,scipy,optimal,8.000000000000002,8.000000000000002,0.0009,0.0000,15
sweep,n8-s150-2,node,150,8,highspy,optimal,8.000000000000002,8.000000000000002,0.0079,0.0156,15
sweep,n8-s150-2,node,150,8,gurobi,optimal,8.000000000000002,8.0,0.0025,0.0000,15
sweep,n8-s150-3,node,150,8,scipy,optimal,8.166666666666668,8.166666666666668,0.0037,0.0000,15
sweep,n8-s150-3,node,150,8,highspy,optimal,8.166666666666668,8.166666666666668,0.0117,0.0469,15
sweep,n8-s150-3,node,150,8,gurobi,optimal,8.166666666666668,8.166666666666666,0.0035,0.0000,15
sweep,n8-s60-1,node,60,8,scipy,optimal,8.000000000000002,8.000000000000002,0.0192,0.0312,15
sweep,n8-s60-1,node,60,8,highspy,optimal,8.000000000000002,8.0,0.0323,0.0312,15
sweep,n8-s60-1,node,60,8,gurobi,optimal,8.000000000000002,8.0,0.0063,0.0000,15
sweep,n8-s60-2,node,60,8,scipy,optimal,8.000000000000002,8.000000000000002,0.0010,0.0000,15
sweep,n8-s60-2,node,60,8,highspy,optimal,8.000000000000002,8.000000000000002,0.0085,0.0000,15
sweep,n8-s60-2,node,60,8,gurobi,optimal,8.000000000000002,8.0,0.0030,0.0156,15
sweep,n8-s60-3,node,60,8,scipy,optimal,8.166666666666668,8.166666666666666,0.0151,0.0156,15
sweep,n8-s60-3,node,60,8,highspy,optimal,8.166666666666668,8.166666666666668,0.0361,0.0312,15
sweep,n8-s60-3,node,60,8,gurobi,optimal,8.166666666666668,8.166666666666668,0.0048,0.0000,15
sweep,n12-s300-1,node,300,12,scipy,optimal,12.833333333333336,12.833333333333334,0.0140,0.0156,15
sweep,n12-s300-1,node,300,12,highspy,optimal,12.833333333333336,12.833333333333334,0.0280,0.0312,15
sweep,n12-s300-1,node,300,12,gurobi,optimal,12.833333333333336,12.833333333333334,0.0070,0.0156,15
sweep,n12-s300-2,node,300,12,scipy,optimal,13.266666666666667,13.26666666666667,0.0613,0.1250,15
sweep,n12-s300-2,node,300,12,highspy,optimal,13.266666666666667,13.266666666666667,0.0821,0.0781,15
sweep,n12-s300-2,node,300,12,gurobi,optimal,13.266666666666667,13.266666666666666,0.0188,0.0156,15
sweep,n12-s300-3,node,300,12,scipy,optimal,12.583333333333334,12.583333333333334,0.0262,0.0312,15
sweep,n12-s300-3,node,300,12,highspy,optimal,12.583333333333334,12.583333333333334,0.0435,0.0625,15
sweep,n12-s300-3,node,300,12,gurobi,optimal,12.583333333333334,12.583333333333332,0.0060,0.0000,15
sweep,n12-s150-1,node,150,12,scipy,optimal,12.833333333333336,12.833333333333336,0.1009,0.1250,15
sweep,n12-s150-1,node,150,12,highspy,optimal,12.833333333333336,12.833333333333336,0.1002,0.1250,15
sweep,n12-s150-1,node,150,12,gurobi,optimal,12.833333333333336,12.833333333333332,0.0162,0.0156,15
sweep,n12-s150-2,node,150,12,scipy,optimal,13.266666666666667,13.266666666666667,0.5252,0.5625,15
sweep,n12-s150-2,node,150,12,highspy,optimal,13.266666666666667,13.266666666666667,0.3488,0.3438,15
sweep,n12-s150-2,node,150,12,gurobi,optimal,13.266666666666667,13.266666666666666,0.0205,0.0156,15
sweep,n12-s150-3,node,150,12,scipy,optimal,12.583333333333334,12.583333333333334,0.0164,0.0469,15
sweep,n12-s150-3,node,150,12,highspy,optimal,12.583333333333334,12.583333333333334,0.0824,0.0781,15
sweep,n12-s150-3,node,150,12,gurobi,optimal,12.583333333333334,12.583333333333332,0.0082,0.0156,15
sweep,n12-s60-1,node,60,12,scipy,optimal,12.833333333333336,12.833333333333334,9.0661,9.9531,15
sweep,n12-s60-1,node,60,12,highspy,optimal,12.833333333333336,12.833333333333336,0.4977,0.5000,15
sweep,n12-s60-1,node,60,12,gurobi,optimal,12.833333333333336,12.833333333333332,0.0361,0.0312,15
sweep,n12-s60-2,node,60,12,scipy,wall_cap,,,32.5291,,15
sweep,n12-s60-2,node,60,12,highspy,optimal,13.266666666666667,13.266666666666659,2.9480,2.7031,15
sweep,n12-s60-2,node,60,12,gurobi,optimal,13.266666666666667,13.266666666666666,0.1164,0.1250,15
sweep,n12-s60-3,node,60,12,scipy,optimal,12.583333333333334,12.583333333333334,1.3560,1.4062,15
sweep,n12-s60-3,node,60,12,highspy,optimal,12.583333333333334,12.583333333333266,1.0128,0.9531,15
sweep,n12-s60-3,node,60,12,gurobi,optimal,12.583333333333334,12.583333333333332,0.0214,0.0312,15
sweep,n16-s300-1,node,300,16,scipy,optimal,17.916666666666668,17.916666666664938,0.6697,0.7188,15
sweep,n16-s300-1,node,300,16,highspy,optimal,17.916666666666668,17.916666666662454,0.7512,0.7500,15
sweep,n16-s300-1,node,300,16,gurobi,optimal,17.916666666666668,17.916666666666664,0.0505,0.0625,15
sweep,n16-s300-2,node,300,16,scipy,optimal,18.933333333333337,18.933333333333334,0.5507,0.6094,15
sweep,n16-s300-2,node,300,16,highspy,optimal,18.933333333333337,18.933333333333334,0.6808,0.6875,15
sweep,n16-s300-2,node,300,16,gurobi,optimal,18.933333333333337,18.933333333333323,0.1093,0.1094,15
sweep,n16-s300-3,node,300,16,scipy,optimal,19.1,19.099999999999852,0.6916,0.7812,15
sweep,n16-s300-3,node,300,16,highspy,optimal,19.1,19.099999999999127,0.8955,0.8750,15
sweep,n16-s300-3,node,300,16,gurobi,optimal,19.1,19.1,0.0672,0.0625,15
sweep,n16-s150-1,node,150,16,scipy,optimal,17.916666666666668,17.91666666666541,2.6430,3.6562,15
sweep,n16-s150-1,node,150,16,highspy,optimal,17.916666666666668,17.916666666666405,1.1898,1.2031,15
sweep,n16-s150-1,node,150,16,gurobi,optimal,17.916666666666668,17.916666666666664,0.1018,0.0781,15
sweep,n16-s150-2,node,150,16,scipy,optimal,18.933333333333337,18.933333333333323,4.0755,7.9062,15
sweep,n16-s150-2,node,150,16,highspy,optimal,18.933333333333337,18.933333333333355,1.7326,1.6875,15
sweep,n16-s150-2,node,150,16,gurobi,optimal,18.933333333333337,18.933333333333334,0.1258,0.1250,15
sweep,n16-s150-3,node,150,16,scipy,optimal,19.1,19.099999999999998,2.9922,4.1094,15
sweep,n16-s150-3,node,150,16,highspy,optimal,19.1,19.09999999999998,1.6515,1.6250,15
sweep,n16-s150-3,node,150,16,gurobi,optimal,19.1,19.1,0.0951,0.0938,15
sweep,n16-s60-1,node,60,16,scipy,wall_cap,,,32.5180,,15
sweep,n16-s60-1,node,60,16,highspy,optimal,17.916666666666668,17.916666666666334,10.8093,10.6719,15
sweep,n16-s60-1,node,60,16,gurobi,optimal,17.916666666666668,17.916666666666664,0.2729,0.2656,15
sweep,n16-s60-2,node,60,16,scipy,wall_cap,,,32.5221,,15
sweep,n16-s60-2,node,60,16,highspy,optimal,18.933333333333337,18.93333333333331,14.1574,13.9531,15
sweep,n16-s60-2,node,60,16,gurobi,optimal,18.933333333333337,18.933333333333326,0.3625,0.3281,15
sweep,n16-s60-3,node,60,16,scipy,wall_cap,,,32.5304,,15
sweep,n16-s60-3,node,60,16,highspy,optimal,19.1,19.099999999999792,7.3722,7.3438,15
sweep,n16-s60-3,node,60,16,gurobi,optimal,19.1,19.1,0.2696,0.2656,15
sweep,n24-s300-1,node,300,24,scipy,optimal,31.333333333333336,31.333333333333194,2.0438,6.2656,15
sweep,n24-s300-1,node,300,24,highspy,optimal,31.333333333333336,31.333333333333314,2.2486,2.1719,15
sweep,n24-s300-1,node,300,24,gurobi,optimal,31.333333333333336,31.333333333333332,0.2792,0.2500,15
sweep,n24-s300-2,node,300,24,scipy,optimal,33.650000000000006,33.64999999999996,10.3951,14.6250,15
sweep,n24-s300-2,node,300,24,highspy,optimal,33.650000000000006,33.65,9.2783,9.1406,15
sweep,n24-s300-2,node,300,24,gurobi,optimal,33.650000000000006,33.650000000000006,0.7127,0.7031,15
sweep,n24-s300-3,node,300,24,scipy,optimal,33.083333333333336,33.083333333333336,4.8639,12.1875,15
sweep,n24-s300-3,node,300,24,highspy,optimal,33.083333333333336,33.08333333332076,3.5179,3.4844,15
sweep,n24-s300-3,node,300,24,gurobi,optimal,33.083333333333336,33.08333333333333,0.4125,0.4219,15
sweep,n24-s150-1,node,150,24,scipy,time_limit,,,19.1046,19.1406,15
sweep,n24-s150-1,node,150,24,highspy,optimal,31.333333333333336,31.33333333333325,6.6790,6.5625,15
sweep,n24-s150-1,node,150,24,gurobi,optimal,31.333333333333336,31.333333333333336,0.3520,0.3594,15
sweep,n24-s150-2,node,150,24,scipy,time_limit,,,20.3583,21.0469,15
sweep,n24-s150-2,node,150,24,highspy,optimal,33.650000000000006,33.64999999999998,10.7419,10.3281,15
sweep,n24-s150-2,node,150,24,gurobi,optimal,33.650000000000006,33.650000000000006,0.6158,0.5938,15
sweep,n24-s150-3,node,150,24,scipy,time_limit,63.71666666666667,32.708333333333336,15.0738,16.8125,15
sweep,n24-s150-3,node,150,24,highspy,optimal,33.083333333333336,33.083333333333194,7.9260,7.8906,15
sweep,n24-s150-3,node,150,24,gurobi,optimal,33.083333333333336,33.083333333333336,0.4613,0.4688,15
sweep,n24-s60-1,node,60,24,scipy,wall_cap,,,32.5285,,15
sweep,n24-s60-1,node,60,24,highspy,time_limit,54.46666666666667,30.8,15.7857,15.1719,15
sweep,n24-s60-1,node,60,24,gurobi,optimal,31.333333333333336,31.33333333333333,2.2186,2.1406,15
sweep,n24-s60-2,node,60,24,scipy,wall_cap,,,32.5370,,15
sweep,n24-s60-2,node,60,24,highspy,time_limit,,,16.1291,15.7969,15
sweep,n24-s60-2,node,60,24,gurobi,optimal,33.650000000000006,33.64999999999999,3.6548,3.4375,15
sweep,n24-s60-3,node,60,24,scipy,wall_cap,,,32.5338,,15
sweep,n24-s60-3,node,60,24,highspy,time_limit,73.86666666666667,32.62,15.1164,14.6250,15
sweep,n24-s60-3,node,60,24,gurobi,optimal,33.083333333333336,33.08333333333333,1.3954,1.3750,15
sweep,n32-s300-1,node,300,32,scipy,optimal,45.91666666666667,45.91666666666667,8.9928,14.6094,15
sweep,n32-s300-1,node,300,32,highspy,optimal,45.91666666666667,45.91666666666667,4.8534,4.7969,15
sweep,n32-s300-1,node,300,32,gurobi,optimal,45.91666666666667,45.916666666666664,0.3408,0.3438,15
sweep,n32-s300-2,node,300,32,scipy,time_limit,51.6,49.63333333333333,15.0152,25.1406,15
sweep,n32-s300-2,node,300,32,highspy,optimal,49.95,49.94999999999892,9.5054,9.3750,15
sweep,n32-s300-2,node,300,32,gurobi,optimal,49.95,49.95,0.7908,0.7656,15
sweep,n32-s300-3,node,300,32,scipy,optimal,50.51666666666667,50.51666666666663,13.4734,19.1250,15
sweep,n32-s300-3,node,300,32,highspy,optimal,50.51666666666667,50.5166666666663,10.6791,10.5000,15
sweep,n32-s300-3,node,300,32,gurobi,optimal,50.51666666666667,50.516666666666666,1.1543,1.1406,15
sweep,n32-s150-1,node,150,32,scipy,wall_cap,,,32.5157,,15
sweep,n32-s150-1,node,150,32,highspy,time_limit,45.91666666666667,45.25,15.0376,14.6562,15
sweep,n32-s150-1,node,150,32,gurobi,optimal,45.91666666666667,45.916666666666664,0.9117,0.8750,15
sweep,n32-s150-2,node,150,32,scipy,wall_cap,,,32.5243,,15
sweep,n32-s150-2,node,150,32,highspy,time_limit,60.71666666666667,49.61666666666667,15.1116,14.8438,15
sweep,n32-s150-2,node,150,32,gurobi,optimal,49.95,49.95,1.8084,1.7344,15
sweep,n32-s150-3,node,150,32,scipy,wall_cap,,,32.5128,,15
sweep,n32-s150-3,node,150,32,highspy,time_limit,51.650000000000006,49.94166666666667,15.0381,14.7656,15
sweep,n32-s150-3,node,150,32,gurobi,optimal,50.51666666666667,50.51666666666667,1.4183,1.4062,15
sweep,n32-s60-1,node,60,32,scipy,wall_cap,,,32.5303,,15
sweep,n32-s60-1,node,60,32,highspy,time_limit,,,15.8223,15.1875,15
sweep,n32-s60-1,node,60,32,gurobi,optimal,45.91666666666667,45.91666666666667,3.3132,3.2188,15
sweep,n32-s60-2,node,60,32,scipy,wall_cap,,,32.5230,,15
sweep,n32-s60-2,node,60,32,highspy,time_limit,,,18.5677,18.0312,15
sweep,n32-s60-2,node,60,32,gurobi,optimal,49.95,49.95,7.8478,7.7656,15
sweep,n32-s60-3,node,60,32,scipy,wall_cap,,,32.5249,,15
sweep,n32-s60-3,node,60,32,highspy,time_limit,407.31,0.0,15.7181,15.5000,15
sweep,n32-s60-3,node,60,32,gurobi,optimal,50.51666666666667,50.516666666666666,4.1676,4.1406,15
